Drug,exp_mean [nM],Y
CCC(Cc1ccc(OC)c(C(=O)NCCc2ccc(C(F)(F)F)cc2)c1)C(=O)O,1500,0
CCC(Cc1ccc(OC)c(C(=O)NCc2ccc(OC(F)(F)F)cc2)c1)C(=O)O,900,0
CCC(Cc1ccc(OC)c(CCCc2ccc(C(F)(F)F)cc2)c1)C(=O)O,640,0
CCSC(Cc1ccc(OC)c(C(=O)NCc2ccc(C(F)(F)F)cc2)c1)C(=O)O,3000,0
CCOC(Cc1ccc(OC)c(C(=O)NCc2ccc(C(F)(F)F)cc2)c1)C(=O)O,3000,0
CCC(Cc1ccc(OC)c(C(=O)NCc2ccc(Oc3ccccc3)cc2)c1)C(=O)O,3000,0
COc1ccc(CC(C)C(=O)O)cc1C(=O)NCc1ccc(C(F)(F)F)cc1,2800,0
CCC(Cc1ccc(OC)c(CNCc2ccc(C(F)(F)F)cc2)c1)C(=O)O,8000,0
CCCC(Cc1ccc(OC)c(C(=O)NCc2ccc(C(F)(F)F)cc2)c1)C(=O)O,2400,0
CCC(Cc1ccc(OC)c(C(=O)NCc2ccc(OC)cc2)c1)C(=O)O,6600,0
CCC(Cc1ccc(OC)c(OCCc2ccc(C(F)(F)F)cc2)c1)C(=O)O,400,0
CC(C)OC(Cc1ccc(OCCc2noc(-c3ccccc3C(F)(F)F)n2)cc1)C(=O)O,2500,0
CC(C)OC(Cc1ccc(OCc2noc(-c3ccccc3)n2)cc1)C(=O)O,10000,0
CC(C)OC(Cc1ccc(OCc2noc(-c3ccc(OC(F)(F)F)cc3)n2)cc1)C(=O)O,7900,0
Cc1cccc(-c2nc(COc3ccc(CC(OC(C)C)C(=O)O)cc3)no2)c1,1600,0
CC(C)OC(Cc1ccc(OCc2noc(-c3ccc(F)cc3)n2)cc1)C(=O)O,7900,0
CC(C)OC(Cc1ccc(OCc2noc(-c3cc(F)cc(F)c3)n2)cc1)C(=O)O,160,0
CC(C)OC(Cc1ccc(OCCc2noc(-c3cccc(Cl)c3)n2)cc1)C(=O)O,100,1
Cc1ccc(-c2nc(COc3ccc(CC(OC(C)C)C(=O)O)cc3)no2)cc1,2500,0
CC(C)OC(Cc1ccc(OCc2noc(-c3ccc(Cl)cc3)n2)cc1)C(=O)O,500,0
CC(C)OC(Cc1ccc(OCc2noc(-c3ccc(C(F)(F)F)cc3)n2)cc1)C(=O)O,500,0
CC(C)OC(Cc1ccc(OCc2noc(-c3ccc(C(C)C)cc3)n2)cc1)C(=O)O,7900,0
CC(C)OC(Cc1ccc(OCc2noc(-c3cccc(F)c3)n2)cc1)C(=O)O,7900,0
Cc1ccccc1-c1nc(COc2ccc(CC(OC(C)C)C(=O)O)cc2)no1,1600,0
CC(C)OC(Cc1ccc(OCCc2noc(-c3cccc(C(F)(F)F)c3)n2)cc1)C(=O)O,500,0
CC(C)OC(Cc1ccc(OCCc2noc(-c3cccc(F)c3)n2)cc1)C(=O)O,4000,0
CC(C)OC(Cc1ccc(OCc2noc(-c3ccc(Br)cc3)n2)cc1)C(=O)O,790,0
CC(C)OC(Cc1ccc(OCc2noc(-c3ccc(C(C)(C)C)cc3)n2)cc1)C(=O)O,5000,0
Cc1oc(-c2ccccc2)nc1CCOc1ccc(C[C@@](C)(Oc2ccccc2)C(=O)O)cc1,3014,0
CC(C)(Oc1cccc(CCCN(Cc2ccc(C(F)(F)F)cc2C(F)(F)F)C(=O)COc2ccc(Cl)c(Cl)c2)c1)C(=O)O,93,1
CC(C)(Oc1cccc(CCCN(C(=O)Cc2ccc(C(F)(F)F)cc2)c2cccc(-c3ncon3)c2C2CC2)c1)C(=O)O,430,0
CC(C)(Oc1cccc(CCCN(C(=O)COc2ccc(Cl)c(Cl)c2)c2cccc(-c3ncon3)c2C2CC2)c1)C(=O)O,1000,0
CC(C)(Oc1cccc(CCCN(C(=O)c2ccc(C(F)(F)F)c(C(F)(F)F)c2)c2cccc(-c3ncon3)c2C2CC2)c1)C(=O)O,1000,0
CC(C)(Oc1cccc(CCCN(Cc2ccc(C(F)(F)F)cc2C(F)(F)F)C(=O)Cc2ccc(C(F)(F)F)cc2)c1)C(=O)O,19,1
CC(C)(Oc1cccc(CCCN(CCOC(=O)c2ccc(N=C=O)cc2)Cc2ccc(C(F)(F)F)cc2C(F)(F)F)c1)C(=O)O,160,0
CCO[C@@H](Cc1ccc(OCC=C(c2ccc(-c3ccco3)cc2)c2ccc(-c3ccco3)cc2)cc1)C(=O)O,1000,0
CCO[C@@H](Cc1ccc(OCC=C(c2ccc(-c3ccccc3)cc2)c2ccc(-c3ccccc3)cc2)cc1)C(=O)O,500,0
CCO[C@@H](Cc1ccc(OCC=C(c2ccccc2)c2ccccc2)cc1)C(=O)O,5700,0
CCO[C@@H](Cc1ccc(OCC=C(c2ccc(Br)cc2)c2ccc(Br)cc2)cc1)C(=O)O,400,0
CCO[C@@H](Cc1ccc(OCC=C(c2ccc(C)cc2)c2ccc(C)cc2)cc1)C(=O)O,2000,0
CCO[C@@H](Cc1ccc(OCC=C(c2ccc(OC)cc2)c2ccc(OC)cc2)cc1)C(=O)O,700,0
CCCCCCCN(CCc1ccc(OC(C)(C)C(=O)O)cc1)C(=O)Nc1ccc(F)cc1,3100,0
CCCc1cc(Oc2ccccc2)ccc1OCCCOc1ccc(C2SC(=O)NC2=O)cc1CCC,3000,0
CC(C)(Oc1ccc(CCN(C(=O)Nc2ccc(F)cc2F)C2CCCCCC2)cc1)C(=O)O,790,0
CC(C)(Oc1ccc(CCCN(CCc2c(F)cccc2Cl)C(=O)Nc2cccc(Cl)c2Cl)cc1)C(=O)O,190,0
CCCc1c(OCCCSc2ccc(CC(=O)O)cc2Cl)ccc2c(-c3ccccc3)coc12,7.9,1
COc1ccc(CC2SC(=O)NC2=O)cc1C(=O)NCc1ccc(C(F)(F)F)cc1,9100,0
Cc1oc(-c2ccccc2)nc1CCOc1ccc(C[C@@H](C(=O)O)n2cccc2)cc1,3800,0
NC(=O)C(Cc1ccc(OCCOc2ccc3ccccc3c2)cc1)C(=O)O,2630,0
CCCc1c(OCCCSc2ccc(CC(=O)O)cc2Cl)ccc2c(-c3ccccc3)noc12,3,1
O=C(O)C(Cc1ccc(OCCOc2ccc3c(c2)CCCC3)cc1)C(=O)O,4680,0
CCCc1c(OCCCOc2ccc(/C=C/C(=O)O)cc2)ccc2c(-c3ccccc3)noc12,148,0
CCCc1c(OCCCCOc2ccc(/C=C/C(=O)O)cc2)ccc2c(-c3ccccc3)noc12,640,0
CCCc1c(OCCCOc2ccc(CCCC(=O)O)cc2)ccc2c(-c3ccccc3)noc12,183,0
COC(=O)C(Cc1ccc(OCCOc2ccc3ccccc3c2)cc1)C(=O)O,1050,0
COC(=O)C(Cc1ccc(OCCOc2ccc3c(c2)NCCC3)cc1)C(=O)O,3090,0
CCCc1c(OCCCOc2ccc(OC(C)C(=O)O)cc2)ccc2c(-c3ccccc3)noc12,13,1
CCCc1c(OCCCCOc2ccc(OC(C)(C)C(=O)O)cc2)ccc2c(-c3ccccc3)noc12,172,0
NC(=O)C(Cc1ccc(OCCOc2ccc3c(c2)NCCC3)cc1)C(=O)O,3620,0
CCCCCCCCCCCCCCC(Br)C(=O)O,3720,0
CCCc1c(OCCCCOc2cccc(C(C)(C)C(=O)O)c2)ccc2c(-c3ccccc3)noc12,400,0
COC(=O)C(Cc1ccc(OCCOc2ccc3c(c2)NCCC3)cc1)C(=O)OC,3160,0
CCCc1c(OCCCCOc2ccc(CC(C)(C)C(=O)O)cc2)ccc2c(-c3ccccc3)noc12,860,0
CCCc1c(OCCCOc2ccc(OCC(=O)O)cc2)ccc2c(-c3ccccc3)noc12,16,1
COC(=O)C(Cc1ccc(OCCOc2ccc3c(c2)CCCC3)cc1)C(=O)OC,3310,0
CCCc1c(OCCCCOc2cccc(CC(=O)O)c2)ccc2c(-c3ccccc3)noc12,20,1
COC(=O)C(Cc1ccc(OCCOc2ccc3ccccc3c2)cc1)C(=O)OC,1270,0
CCCc1c(OCCCOc2ccc(CC(=O)O)cc2)ccc2c(-c3ccccc3)noc12,147,0
COC(=O)C(Cc1ccc(OCCOc2ccc3c(c2)CCCC3)cc1)C(=O)O,2450,0
CC(C)(Sc1ccc(CCN(CCCCC2CCCCC2)C(=O)NC2CCCCC2)cc1)C(=O)O,6200,0
COc1ccc(NC(=O)N(CCc2ccc(SC(C)(C)C(=O)O)cc2)CCc2ccc(-c3ccccc3)cc2)c(OC)c1,4000,0
CC(C)c1ccc(NC(=O)N(CCc2ccc(SC(C)(C)C(=O)O)cc2)CCc2ccc(-c3ccccc3)cc2)cc1,2000,0
CC(C)(Sc1ccc(CCN(CCc2ccc(-c3ccccc3)cc2)C(=O)NC2CCCCC2)cc1)C(=O)O,5000,0
COc1ccccc1NC(=O)N(CCCCC1CCCCC1)CCc1ccc(SC(C)(C)C(=O)O)cc1,1100,0
CCCn1c(CCCc2ccc(OC(C)(C)C(=O)O)cc2)nn(Cc2ccc(C)cc2)c1=O,3000,0
Cc1ccc(Cn2nc(CCCc3ccc(OC(C)(C)C(=O)O)cc3)n(C)c2=O)cc1C,2900,0
Cn1c(CCCc2ccc(OC(C)(C)C(=O)O)cc2)nn(Cc2ccc(C(C)(C)C)cc2)c1=O,3000,0
CCCn1c(CCCc2ccc(OC(C)(C)C(=O)O)cc2)nn(CC2CCCCC2)c1=O,3000,0
CCO[C@@H](Cc1ccc(OC/C=C/C#Cc2cccc(C#C/C=C/COc3ccc(C[C@H](OCC)C(=O)O)cc3)c2)cc1)C(=O)O,10500,0
CCCc1c(OCCCSc2ccc(CC(=O)O)cc2Cl)ccc(/C(CC)=N/O)c1O,9,1
CCCc1c(OCCCSc2ccc(CC(=O)O)cc2Cl)ccc2c(C(F)(F)F)noc12,6.45,1
CCCc1c(OCCCSc2ccc(CC(=O)O)cc2Cl)ccc2c(CC)coc12,12,1
CCCc1c(OCCCSc2ccc(CC(=O)O)cc2Cl)ccc2c(CC)noc12,11.5,1
CCCc1c(OCCCSc2ccc(CC(=O)O)cc2Cl)ccc(C(C)=O)c1O,80,1
CCCc1c(OCCCSc2ccc(CC(=O)O)cc2Cl)ccc(C(=O)CC)c1O,10,1
Cc1cc(OCc2sc(-c3ccc(C(F)(F)F)cc3)nc2C)ccc1/C=C/C(=O)O,20,1
Cc1nc(-c2ccc(C(F)(F)F)cc2)oc1COc1ccc(OCC(=O)O)cc1,470,0
Cc1nc(-c2ccc(C(F)(F)F)cc2)oc1CSc1ccc(OCC(=O)O)cc1,420,0
Cc1cc(OCc2sc(-c3ccc(C(F)(F)F)cc3)nc2C)ccc1CCC(=O)O,30,1
Cc1cc(SCc2oc(-c3ccc(C(F)(F)F)cc3)nc2C)ccc1OCC(=O)O,10,1
Cc1nc(-c2ccc(C(F)(F)F)cc2)sc1COc1ccc(CCC(=O)O)cc1,90,1
Cc1nc(-c2ccc(C(F)(F)F)cc2)oc1COc1ccc(CCC(=O)O)cc1,60,1
Cc1nc(-c2ccc(C(F)(F)F)cc2)oc1COc1ccc(C(=O)O)cc1,5900,0
Cc1cc(OCc2oc(-c3ccc(C(F)(F)F)cc3)nc2C)ccc1OCC(=O)O,30,1
Cc1nc(-c2ccc(C(F)(F)F)cc2)sc1COc1ccc(CC(=O)O)cc1,1900,0
CCO[C@H](Cc1ccc(OC/C=C/C#CC#C/C=C/COc2ccc(C[C@@H](OCC)C(=O)O)cc2)cc1)C(=O)O,15000,0
CCO[C@@H](Cc1ccc(OC/C=C(/C)C#Cc2ccccc2)cc1)C(=O)O,11000,0
CCO[C@H](Cc1ccc(OC/C=C(\C)C#Cc2ccc(C#C/C(C)=C/COc3ccc(C[C@@H](OCC)C(=O)O)cc3)cc2)cc1)C(=O)O,1800,0
CCO[C@H](Cc1ccc(OC/C=C(/C)C#Cc2ccc(-c3ccc(C#C/C(C)=C/COc4ccc(C[C@@H](OCC)C(=O)O)cc4)cc3)cc2)cc1)C(=O)O,4100,0
CCO[C@H](Cc1ccc(OCC/C=C/c2ccccc2)cc1)C(=O)O,19000,0
CCCCC[C@H](O)C/C=C/[C@@H]1C[C@@H](O)[C@H]2C/C(=C/CCCC(=O)O)C[C@H]21,1900,0
CCCc1c(OCCOc2ccc3c(ccn3CC(=O)O)c2)ccc2c(C(F)(F)F)noc12,125,0
CCCc1c(OCCCOc2cccc3c2ccn3CC(=O)O)ccc2c(C(F)(F)F)noc12,610,0
CCCc1c(OCCCOc2ccc3c(ccn3CC(=O)O)c2)ccc2c(C(F)(F)F)noc12,10,1
CCCc1c(OCCCOc2ccc3ccn(CC(=O)O)c3c2)ccc2c(C(F)(F)F)noc12,80,1
CCCc1c(OCCCCOc2ccc3c(ccn3CC(=O)O)c2)ccc2c(C(F)(F)F)noc12,243,0
CCCc1c(OCCCOc2ccc3c(ccn3Cc3nn[nH]n3)c2)ccc2c(C(F)(F)F)noc12,370,0
CCCc1c(OCCCOc2cccc3c2ccn3CC(=O)O)ccc2c(-c3ccccc3)noc12,320,0
CCCc1c(OCCCOc2ccc3c(ccn3CC(=O)O)c2)ccc2c(-c3ccccc3)noc12,80,1
CCCc1c(OCCCOc2cccc3c2ccn3CC(=O)O)ccc2cc[nH]c12,420,0
CCCc1c(OCCCOc2ccc3c(ccn3CC(=O)O)c2)ccc2c(C#N)c[nH]c12,2620,0
CCCc1c(OCCCOc2ccc3c(ccn3CC(=O)O)c2)ccc2c(C(=O)C(F)(F)F)c[nH]c12,9170,0
CCCc1c(OCCCOc2cccc3c2ccn3CC(=O)O)ccc2cc(-c3ccccc3)[nH]c12,3340,0
CCCc1c(OCCCOc2cccc3c2ccn3CC(=O)O)ccc2c(-c3ccccc3)coc12,2130,0
CCCc1c(OCCCOc2cccc3c2ccn3CC(=O)O)ccc2cc(-c3ccccc3)oc12,7740,0
CC[C@@H](Cc1ccc(OC)c(CNC(=O)c2ccc(C(F)(F)F)c(F)c2)c1)C(=O)O,31.5,1
CCC(Cc1ccc(OC)c(CNC(=O)c2ccc(F)c(C(F)(F)F)c2)c1)C(=O)O,2000,0
CCC(Cc1ccc(OC)c(C(=O)NCc2ccc(C(F)(F)F)c(F)c2)c1)C(=O)O,500,0
CCC(Cc1ccc(OC)c(C(=O)NCc2ccc(C(F)(F)F)cc2F)c1)C(=O)O,1000,0
O=C(O)Cn1ccc2ccc(OCCCOc3ccc(C(=O)c4ccc(F)cc4)cc3)cc21,4350,0
CCCc1cc(C(=O)c2ccc(F)cc2)ccc1OCCCOc1cccc2c1ccn2CC(=O)O,4000,0
CCCc1cc(C(=O)c2ccc(F)cc2)ccc1OCCCOc1ccc2c(ccn2CC(=O)O)c1,610,0
CCCc1cc(C(=O)c2ccc(F)cc2)ccc1OCCCOc1ccc2ccn(CC(=O)O)c2c1,5290,0
O=C(O)Cn1ccc2cc(OCCCOc3ccc4cc(C(=O)c5ccccc5)ccc4c3)ccc21,5600,0
CCCc1c(OCCCOc2ccc3c(ccn3CC(=O)O)c2)ccc2cc(C(=O)c3ccccc3)ccc12,500,0
CCCc1c(OCCCOc2ccc3ccn(CC(=O)O)c3c2)ccc2cc(C(=O)c3ccccc3)ccc12,4900,0
CC(C)(Oc1cccc(OCCCOc2ccc(Oc3ccc(F)cc3)cc2Cl)c1)C(=O)O,2230,0
O=C(O)COc1ccc(OCc2cc(-c3ccccc3)cc(-c3ccccc3)c2)cc1,970,0
Cc1cc(OCc2cc(-c3ccc(C(F)(F)F)cc3)nc(-c3ccc(C(F)(F)F)cc3)n2)ccc1OCC(=O)O,30,1
Cc1cc(OCc2cc(-c3ccc(OC(F)(F)F)cc3)nc(-c3ccc(OC(F)(F)F)cc3)n2)ccc1OCC(=O)O,40,1
COc1ccc(-c2cc(COc3ccc(OCC(=O)O)c(C)c3)nc(-c3ccc(OC)cc3)n2)cc1,210,0
Cc1cc(OCc2nc(-c3ccc(C(F)(F)F)cc3)cc(-c3ccc(C(F)(F)F)cc3)n2)ccc1OCC(=O)O,40,1
Cc1cc(OCc2nc(-c3ccc(OC(F)(F)F)cc3)cc(-c3ccc(OC(F)(F)F)cc3)n2)ccc1OCC(=O)O,90,1
COc1ccc(-c2cc(-c3ccc(OC)cc3)nc(COc3ccc(OCC(=O)O)c(C)c3)n2)cc1,110,0
Cc1cc(OCc2cc(-c3ccc(-c4ccccc4)cc3)cc(-c3ccc(C(F)(F)F)cc3)c2)ccc1OCC(=O)O,60,1
Cc1ccc(-c2cc(COc3ccc(OCC(=O)O)c(C)c3)cc(-c3ccc(C(F)(F)F)cc3)c2)cc1,70,1
COc1ccc(-c2cc(COc3ccc(OCC(=O)O)c(C)c3)cc(-c3ccc(C(F)(F)F)cc3)c2)cc1,70,1
Cc1cc(OCc2cc(-c3ccc(OC(F)(F)F)cc3)cc(-c3ccc(C(F)(F)F)cc3)c2)ccc1OCC(=O)O,60,1
Cc1cc(OCc2cc(-c3ccc(C(F)(F)F)cc3)cc(-c3cccc(C(F)(F)F)c3)c2)ccc1OCC(=O)O,560,0
Cc1cc(OCc2cc(-c3ccc(OC(F)(F)F)cc3)cc(-c3ccc(OC(F)(F)F)cc3)c2)ccc1OCC(=O)O,30,1
Cc1cc(OCc2cc(-c3ccc(Cl)cc3)cc(-c3ccc(Cl)cc3)c2)ccc1OCC(=O)O,110,0
Cc1cc(OCc2cc(-c3ccc(N(C)C)cc3)cc(-c3ccc(N(C)C)cc3)c2)ccc1OCC(=O)O,490,0
COc1ccc(-c2cc(COc3ccc(OCC(=O)O)c(C)c3)cc(-c3ccc(OC)cc3)c2)cc1,350,0
O=C(O)Cc1ccc(SCc2cc(-c3ccc(C(F)(F)F)cc3)cc(-c3ccc(C(F)(F)F)cc3)c2)c(Cl)c1,160,0
O=C(O)Cc1ccc(OCc2cc(-c3ccc(C(F)(F)F)cc3)cc(-c3ccc(C(F)(F)F)cc3)c2)c(Cl)c1,540,0
Cc1cc(SCc2cc(-c3ccc(C(F)(F)F)cc3)cc(-c3ccc(C(F)(F)F)cc3)c2)ccc1OCC(=O)O,30,1
Cc1cc(OCC(=O)O)ccc1OCc1cc(-c2ccc(C(F)(F)F)cc2)cc(-c2ccc(C(F)(F)F)cc2)c1,70,1
Cc1cc(OCc2cc(-c3ccc(C(F)(F)F)cc3)cc(-c3ccc(C(F)(F)F)cc3)c2)ccc1OCC(=O)O,10,1
Cc1cc(OCc2cc(-c3ccccc3)cc(-c3ccccc3)c2)ccc1OCC(=O)O,560,0
CC(C)(Oc1ccc(OCc2cc(-c3ccc(C(F)(F)F)cc3)cc(-c3ccc(C(F)(F)F)cc3)c2)cc1)C(=O)O,50,1
O=C(O)COc1ccc(OCc2cc(-c3ccc(C(F)(F)F)cc3)cc(-c3ccc(C(F)(F)F)cc3)c2)cc1,110,0
Cc1onc(-c2c(Cl)cccc2Cl)c1C(=O)OCCOc1ccc(C(F)(F)F)cc1[N+](=O)[O-],230,0
Cc1onc(-c2ccc(CC(=O)O)cc2Cl)c1COCCOc1ccc(C(F)(F)F)cc1[N+](=O)[O-],130,0
Cc1onc(-c2ccc(CC(=O)O)cc2Cl)c1C(=O)NCCOc1ccc(C(F)(F)F)cc1[N+](=O)[O-],4,1
Cc1onc(-c2ccc(CC(=O)O)cc2Cl)c1C(=O)NCCOc1ccc(C(F)(F)F)cc1C(F)(F)F,260,0
Cc1onc(-c2ccc(CC(=O)O)cc2Cl)c1C(=O)NCCOc1ccc(Cl)cc1Cl,310,0
CCc1onc(-c2ccc(CC(=O)O)cc2Cl)c1C(=O)NCCOc1ccc(Cl)cc1Cl,110,0
CC(C)c1onc(-c2ccc(CC(=O)O)cc2Cl)c1C(=O)NCCOc1ccc(Cl)cc1Cl,90,1
CC(C)(C)c1onc(-c2ccc(CC(=O)O)cc2Cl)c1C(=O)NCCOc1ccc(Cl)cc1Cl,2590,0
O=C(O)Cc1ccc(-c2noc(C3CC3)c2C(=O)NCCOc2ccc(Cl)cc2Cl)c(Cl)c1,30,1
O=C(O)Cc1ccc(-c2noc(-c3ccco3)c2C(=O)NCCOc2ccc(Cl)cc2Cl)c(Cl)c1,10,1
O=C(O)Cc1ccc(-c2noc(-c3ccccc3)c2C(=O)NCCOc2ccc(Cl)cc2Cl)c(Cl)c1,80,1
CN(CCOc1ccc(Cl)cc1Cl)C(=O)c1c(-c2ccc(CC(=O)O)cc2Cl)noc1-c1ccccc1,3670,0
O=C(O)Cc1ccc(-c2noc(-c3ccccc3)c2COCCOc2ccc(Cl)cc2Cl)c(Cl)c1,190,0
O=C(O)Cc1ccc(-c2noc(-c3ccccc3)c2C(=O)CCCOc2ccc(Cl)cc2Cl)c(Cl)c1,30,1
CCOC(Cc1cccc2c1ccn2CCCc1nc(-c2ccccc2)oc1C)C(=O)O,2400,0
CCOC(Cc1ccc2c(ccn2Cc2nc(-c3ccccc3C)oc2C)c1)C(=O)O,6500,0
CCOC(Cc1ccc2c(ccn2Cc2nc(-c3ccccc3Cl)oc2C)c1)C(=O)O,4600,0
CCOC(Cc1ccc2c(ccn2Cc2nc(-c3cccc(Cl)c3)oc2C)c1)C(=O)O,2400,0
CCOC(Cc1ccc2c(ccn2Cc2nc(-c3ccc(C(F)(F)F)cc3)oc2C)c1)C(=O)O,1700,0
CCOC(Cc1ccc2c(ccn2Cc2nc(-c3ccc(CC)cc3)oc2C)c1)C(=O)O,2500,0
CCOC(Cc1ccc2c(ccn2Cc2nc(-c3ccc(C(C)C)cc3)oc2C)c1)C(=O)O,2500,0
CCOC(Cc1ccc2c(ccn2Cc2nc(-c3cc(C)cc(C)c3)oc2C)c1)C(=O)O,2500,0
CCOC(Cc1ccc2c(ccn2Cc2nc(-c3cc(Cl)cc(Cl)c3)oc2C)c1)C(=O)O,1400,0
CCOC(Cc1ccc2c(ccn2Cc2nc(-c3cc(OC)cc(OC)c3)oc2C)c1)C(=O)O,2400,0
CCOC(Cc1ccc2c(ccn2Cc2nc(-c3ccc(F)c(C)c3)oc2C)c1)C(=O)O,2400,0
CCCOC(Cc1ccc2c(ccn2Cc2nc(-c3ccc(C(F)(F)F)cc3)oc2C)c1)C(=O)O,1600,0
Cc1oc(-c2ccc(C(F)(F)F)cc2)nc1Cn1ccc2cc(CC(OC(C)C)C(=O)O)ccc21,2200,0
CCOC(Cc1ccc2c(c1)c(C)cn2Cc1nc(-c2ccc(C(F)(F)F)cc2)oc1C)C(=O)O,6000,0
CCOC(Cc1ccc2c(ccn2Cc2nc(-c3ccccc3)oc2C)c1)C(=O)O,8400,0
CCCc1cc(C(F)(F)F)ncc1OCCCOc1ccc(OCC(=O)O)c(C)c1,15,1
CCCc1cc(C(F)(F)F)ccc1OCCCOc1ccc(OCC(=O)O)c(C)c1,7,1
CCCc1cc(C(F)(F)F)ccc1OCCCOc1ccc(OCC(=O)OC)c(C)c1,16,1
CCCc1cc(C(F)(F)F)ccc1OCCCOc1ccc(OCC(=O)OC)cc1,98,1
CCCc1c(OCCCOc2ccc(OCC(=O)OC)cc2)cnc(C(C)=O)c1O,82,1
CC(=O)c1ccc(OCCCOc2ccc(OCC(=O)O)cc2)cc1O,10000,0
CCCc1ccccc1OCCCOc1ccc(OCC(=O)OC)cc1,1046,0
CCCc1c(OCCCOc2ccc(OCC(=O)OC)cc2)ccc(C(C)=O)c1O,457,0
CCc1ccc(OCCCOc2ccc(OC(C)(C)C(=O)O)cc2)c(C(=O)c2ccccc2)c1,47,1
CCc1cc(OCC[C@@H](C)Oc2ccc(Cl)cc2Oc2ccccc2)ccc1CCC(=O)O,6,1
C[C@H](CCOc1ccc(CCC(=O)O)c(F)c1)Oc1ccc(Cl)cc1Oc1ccccc1,34,1
C[C@H](CCOc1ccc(CCC(=O)O)c(C(F)(F)F)c1)Oc1ccc(Cl)cc1Oc1ccccc1,73,1
Cc1cc(OCC[C@@H](C)Oc2ccc(C(F)(F)F)cc2Oc2ccccc2)ccc1CCC(=O)O,1,1
Cc1cc(OCC[C@@H](C)Oc2ccc(OC(F)(F)F)cc2Oc2ccccc2)ccc1CCC(=O)O,2,1
Cc1cc(OCC[C@@H](C)Oc2ccc(Cl)cc2Oc2ccccc2)ccc1CCC(=O)O,8,1
CCc1ccc(O[C@H](C)CCOc2ccc(CCC(=O)O)c(C)c2)c(Oc2ccccc2)c1,5,1
CCc1ccc(OC(C)CCOc2ccc(CCC(=O)O)c(C)c2)c(Cc2ccccc2)c1,70,1
CCCC(CCOc1ccc(CCC(=O)O)c(C)c1)Oc1ccc(CC)cc1C(=O)c1ccccc1,52,1
CCc1ccc(OC(CC)CCOc2ccc(CCC(=O)O)c(C)c2)c(C(=O)c2ccccc2)c1,25,1
CCc1ccc(OC(C)CCOc2ccc(OC(C)(C)C(=O)O)cc2)c(C(=O)c2ccccc2)c1,45,1
CCCc1c(OCCCn2ccc3ccc(OC(C)(C)C(=O)O)cc32)ccc2cc(C(=O)c3ccccc3)ccc12,4630,0
CCCc1c(OCCCn2ccc3c(OC(C)(C)C(=O)O)cccc32)ccc2cc(C(=O)c3ccccc3)ccc12,4300,0
CCCc1c(OCCCn2ccc3ccc(OCC(=O)O)cc32)ccc2cc(C(=O)c3ccccc3)ccc12,6980,0
O=C(O)Cc1ccc(CNc2cccc(-c3c(Cc4ccccc4)cnc4c(C(F)(F)F)cccc34)c2)cc1,1320,0
O=C(O)Cc1cccc(-c2noc(-c3ccccc3Cl)c2C(=O)NCCOc2ccc(Cl)cc2Cl)c1,60,1
Cc1ccccc1-c1onc(-c2cccc(CC(=O)O)c2)c1C(=O)NCCOc1ccc(Cl)cc1Cl,50,1
O=C(O)Cc1cccc(-c2noc(-c3ccco3)c2C(=O)NCCOc2ccc(Cl)cc2Cl)c1,90,1
CC(C)c1onc(-c2cccc(CC(=O)O)c2)c1C(=O)NCCOc1ccc(Cl)cc1Cl,1070,0
COc1ccc(CC(=O)O)cc1-c1noc(-c2ccccc2)c1C(=O)NCCOc1ccc(Cl)cc1Cl,560,0
O=C(O)CCc1cccc(-c2noc(-c3ccccc3)c2C(=O)NCCOc2ccc(Cl)cc2Cl)c1,970,0
O=C(O)Cc1cccc(-c2noc(-c3ccccc3)c2C(=O)NCCOc2ccc(Cl)cc2Cl)c1,70,1
Cc1cc(-c2noc(-c3ccccc3)c2C(=O)NCCOc2ccc(Cl)cc2Cl)ccc1OCC(=O)O,200,0
O=C(O)Cc1ccc(-c2noc(-c3ccccc3)c2C(=O)NCCOc2ccc(Cl)cc2Cl)cc1,720,0
CCCOC(=O)N1CCc2c(OCCc3nc(-c4ccc(-c5ccccc5)cc4)oc3C)ccc(CCC(=O)O)c2C1,2747,0
C#CCOC(=O)N1CCc2c(OCCc3nc(-c4ccccc4)oc3C)ccc(CCC(=O)O)c2C1,3021,0
Cc1nc(-c2ccc(C(F)(F)F)cc2)sc1CCc1ccc(OC(C)(C)C(=O)O)cc1,20,1
Cc1cc(CCc2sc(-c3ccc(C(F)(F)F)cc3)nc2C)ccc1OCC(=O)O,4,1
CC(C)(Oc1ccc(CNC(=O)c2sc(-c3ccc(C(F)(F)F)cc3)nc2C(F)(F)F)cc1)C(=O)O,8240,0
Cc1nc(C(=O)NCc2ccc(OC(C)(C)C(=O)O)cc2)c(C)s1,660,0
Cc1nc(-c2ccccc2C(F)(F)F)sc1C(=O)NCc1ccc(OC(C)(C)C(=O)O)cc1,808,0
Cc1nc(-c2ccc(Cl)cc2)sc1C(=O)NCc1ccc(OC(C)(C)C(=O)O)cc1,5400,0
Cc1nc(-c2ccc(OC(F)(F)F)cc2)sc1C(=O)NCc1ccc(OC(C)(C)C(=O)O)cc1,4600,0
Cc1nc(-c2ccc(C(F)(F)F)cc2)sc1CNC(=O)c1ccc(OC(C)(C)C(=O)O)cc1,6260,0
Cc1nc(-c2ccc(C(F)(F)F)cc2)sc1CNCc1ccc(OC(C)(C)C(=O)O)cc1,4050,0
CCOc1cc(C)ccc1OCCCOc1ccc2c(c1)CC[C@H]2CC(=O)O,2.2,1
COc1cc(C#N)ccc1OCCCOc1ccc2c(c1)CC[C@H]2CC(=O)O,14,1
CCc1ccc(OCCCOc2ccc3c(c2)CC[C@H]3CC(=O)O)c(OC)c1,2.7,1
COc1cc(C)ccc1OCCCOc1ccc2c(c1)CC[C@H]2CC(=O)O,7.5,1
CCCc1cc(Oc2ccccc2)ccc1OCCCOc1ccc2c(c1)CC[C@H]2CC(=O)O,1.9,1
CCCc1cc(C#N)ccc1OCCCOc1ccc2c(c1)CC[C@H]2CC(=O)O,25,1
CCCc1cc(C(F)(F)F)ccc1OCCCOc1ccc2c(c1)CC[C@H]2CC(=O)O,1.6,1
CCCc1ccccc1OCCCOc1ccc2c(c1)CC[C@H]2CC(=O)O,2.4,1
Cc1ccc(OCCCOc2ccc3c(c2)CC[C@H]3CC(=O)O)c(C)c1,4.6,1
COc1cccc(OCCCOc2ccc3c(c2)CC[C@H]3CC(=O)O)c1,117,0
Cc1ccc(OCCCOc2ccc3c(c2)CC[C@H]3CC(=O)O)cc1C,67,1
Cc1cccc(OCCCOc2ccc3c(c2)CC[C@H]3CC(=O)O)c1,56,1
O=C(O)C[C@@H]1CCc2cc(OCCCOc3ccc(-c4ccccc4)cc3)ccc21,43,1
N#Cc1ccc(OCCCOc2ccc3c(c2)CC[C@H]3CC(=O)O)cc1,7.3,1
CCOc1ccc(OCCCOc2ccc3c(c2)CC[C@H]3CC(=O)O)cc1,6.6,1
COc1ccc(OCCCOc2ccc3c(c2)CC[C@H]3CC(=O)O)cc1,6.7,1
O=C(O)C[C@@H]1CCc2cc(OCCCOc3ccc(OC(F)(F)F)cc3)ccc21,13,1
O=C(O)C[C@@H]1CCc2cc(OCCCOc3ccc(C(F)(F)F)cc3)ccc21,4.2,1
CCc1ccc(OCCCOc2ccc3c(c2)CC[C@H]3CC(=O)O)cc1,8.9,1
O=C(O)C[C@@H]1CCc2cc(OCCCOc3ccc(-c4ccc(C(F)(F)F)cn4)cc3)ccc21,0.95,1
Cc1cccc(-c2ccc(OCCCOc3ccc4c(c3)CC[C@H]4CC(=O)O)cc2)n1,2.2,1
COc1ncc(-c2ccc(OCCCOc3ccc4c(c3)CC[C@H]4CC(=O)O)cc2)c(OC)n1,5.6,1
O=C(O)C[C@@H]1CCc2cc(OCCCOc3ccc(-c4cncnc4)cc3)ccc21,11,1
COc1ccncc1-c1ccc(OCCCOc2ccc3c(c2)CC[C@H]3CC(=O)O)cc1,43,1
O=C(O)C[C@@H]1CCc2cc(OCCCOc3ccc(-c4cccnc4)cc3)ccc21,2.3,1
O=C(O)C[C@@H]1CCc2cc(OCCCOc3ccc(-c4ccc5cc[nH]c5c4)cc3)ccc21,1.5,1
O=C(O)C[C@@H]1CCc2cc(OCCCOc3ccc(-c4ccoc4)cc3)ccc21,3.8,1
O=C(O)C[C@@H]1CCc2cc(OCCCOc3ccc(-c4ccsc4)cc3)ccc21,5.9,1
Cc1cc(-c2nc(C(F)(F)F)ns2)ccc1OCCCOc1ccc2c(c1)CC[C@H]2CC(=O)O,3.4,1
O=C(O)C[C@@H]1CCc2cc(OCCCOc3ccc(-n4cnnc4)cc3Cl)ccc21,2230,0
CC(=O)Nc1cc(-n2ccnn2)ccc1OCCCOc1ccc2c(c1)CC[C@H]2CC(=O)O,367,0
O=C(O)C[C@@H]1CCc2cc(OCCCOc3ccc(-n4cncn4)cc3)ccc21,11,1
CCCc1cc(-c2nc3c(s2)CCC3)ccc1OCCCOc1ccc2c(c1)CC[C@H]2CC(=O)O,3.5,1
O=C(O)C[C@@H]1CCc2cc(OCCCOc3ccc(-c4nc5c(s4)CCC5)cc3)ccc21,1.3,1
COc1cc(-c2nc(C)c(C)s2)ccc1OCCCOc1ccc2c(c1)CC[C@H]2CC(=O)O,4,1
Cc1nc(-c2ccc(OCCCOc3ccc4c(c3)CC[C@H]4CC(=O)O)cc2)sc1C,2.9,1
COc1cc(-c2nc(C(F)(F)F)cs2)ccc1OCCCOc1ccc2c(c1)CC[C@H]2CC(=O)O,2.9,1
CCCc1cc(-c2nc(C(F)(F)F)cs2)ccc1OCCCOc1ccc2c(c1)CC[C@H]2CC(=O)O,3.3,1
CCCc1cc(-c2nc(C(C)(C)C)cs2)ccc1OCCCOc1ccc2c(c1)CC[C@H]2CC(=O)O,11,1
CCc1csc(-c2ccc(OCCCOc3ccc4c(c3)CC[C@H]4CC(=O)O)c(OC)c2)n1,2.5,1
CCCc1cc(-c2nc(CC)cs2)ccc1OCCCOc1ccc2c(c1)CC[C@H]2CC(=O)O,11,1
CCc1csc(-c2ccc(OCCCOc3ccc4c(c3)CC[C@H]4CC(=O)O)cc2)n1,4.4,1
COc1cc(-c2nc(C)cs2)ccc1OCCCOc1ccc2c(c1)CC[C@H]2CC(=O)O,2.7,1
COc1cc(-c2nccs2)ccc1OCCCOc1ccc2c(c1)CC[C@H]2CC(=O)O,0.58,1
CCCc1cc(-c2nccs2)ccc1OCCCOc1ccc2c(c1)CC[C@H]2CC(=O)O,1.6,1
Cc1nc(-c2ccc(OCCCOc3ccc4c(c3)CC[C@H]4CC(=O)O)cc2)sc1C(=O)O,218,0
COc1cc(-c2nc(C)c(C(=O)N(C)C)s2)ccc1OCCCOc1ccc2c(c1)CC[C@H]2CC(=O)O,2.1,1
CCCc1cc(-c2nc(C)c(C(=O)N(C)C)s2)ccc1OCCCOc1ccc2c(c1)CC[C@H]2CC(=O)O,4.4,1
COc1cc(-c2nc(C)c(C(C)=O)s2)ccc1OCCCOc1ccc2c(c1)CC[C@H]2CC(=O)O,3.4,1
CCCc1cc(-c2nc(C)c(C(C)=O)s2)ccc1OCCCOc1ccc2c(c1)CC[C@H]2CC(=O)O,18,1
CC(=O)c1sc(-c2ccc(OCCCOc3ccc4c(c3)CC[C@H]4CC(=O)O)cc2)nc1C,6.9,1
COc1cc(-c2nc3ccccc3s2)ccc1OCCCOc1ccc2c(c1)CC[C@H]2CC(=O)O,5.2,1
COc1cc(-c2nc3c(s2)CCCO3)ccc1OCCCOc1ccc2c(c1)CC[C@H]2CC(=O)O,1.3,1
CCCc1cc(C2=NC3OCCCC3S2)ccc1OCCCOc1ccc2c(c1)CC[C@H]2CC(=O)O,4.9,1
COc1cc(-c2nc3c(s2)CCCC3)ccc1OCCCOc1ccc2c(c1)CC[C@H]2CC(=O)O,3.3,1
CCCc1cc(-c2nc3c(s2)CCCC3)ccc1OCCCOc1ccc2c(c1)CC[C@H]2CC(=O)O,2.25,1
COc1cc(-c2nc3c(s2)CCC3)ccc1OCCCOc1ccc2c(c1)CC[C@H]2CC(=O)O,4.1,1
CCOc1nc(-c2ccc(OCCCOc3ccc4c(c3)CC[C@H]4CC(=O)O)c(OC)c2)sc1CC,5.4,1
CCOc1nc(-c2ccc(OCCCOc3ccc4c(c3)CC[C@H]4CC(=O)O)c(OC)c2)sc1C,6,1
CCCc1cc(-c2nc(OCC)c(C)s2)ccc1OCCCOc1ccc2c(c1)CC[C@H]2CC(=O)O,3.2,1
COc1cc(-c2nc(OC(C)C)cs2)ccc1OCCCOc1ccc2c(c1)CC[C@H]2CC(=O)O,3,1
CCCc1cc(-c2nc(OC(C)C)cs2)ccc1OCCCOc1ccc2c(c1)CC[C@H]2CC(=O)O,2.3,1
CCOc1csc(-c2ccc(OCCCOc3ccc4c(c3)CC[C@H]4CC(=O)O)c(OC)c2)n1,3.4,1
CCCc1cc(-c2nc(OCC)cs2)ccc1OCCCOc1ccc2c(c1)CC[C@H]2CC(=O)O,2,1
CCOc1csc(-c2ccc(OCCCOc3ccc4c(c3)CC[C@H]4CC(=O)O)cc2)n1,1.2,1
COc1csc(-c2ccc(OCCCOc3ccc4c(c3)CC[C@H]4CC(=O)O)c(OC)c2)n1,3,1
COc1csc(-c2ccc(OCCCOc3ccc4c(c3)CC[C@H]4CC(=O)O)cc2)n1,1.3,1
CCCc1cc(-c2nc(CC(=O)O)cs2)ccc1OCCCOc1ccc2c(c1)CC[C@H]2CC(=O)O,4.6,1
CCCc1cc(-c2nc(CO)c(C(=O)O)s2)ccc1OCCCOc1ccc2c(c1)CC[C@H]2CC(=O)O,12,1
COc1cc(-c2nc(C)c(C(=O)O)s2)ccc1OCCCOc1ccc2c(c1)CC[C@H]2CC(=O)O,28,1
CCCc1cc(-c2nc(C)c(C(=O)O)s2)ccc1OCCCOc1ccc2c(c1)CC[C@H]2CC(=O)O,46,1
CCCc1c(OCCCOc2ccc3c(c2)CC[C@H]3CC(=O)O)ccc2c(C(F)(F)F)noc12,6,1
O=C(O)C[C@@H]1CCc2cc(OCCCOc3ccc4c(c3)ONC4(O)C(F)(F)F)ccc21,67,1
O=C(O)C[C@@H]1CCc2cc(OCCCOc3ccc4cnoc4c3)ccc21,828,0
Cc1noc2cc(OCCCOc3ccc4c(c3)CC[C@H]4CC(=O)O)ccc12,16,1
Cc1noc2c(C)c(OCCCOc3ccc4c(c3)CC[C@H]4CC(=O)O)ccc12,8.1,1
CCCc1c(OCCCOc2ccc3c(c2)CC[C@H]3CC(=O)O)ccc2c(C)noc12,2.1,1
Cc1c(OCCCOc2ccc3c(c2)CC[C@H]3CC(=O)O)ccc2[nH]ccc12,286,0
Cn1ccc2cc(OCCCOc3ccc4c(c3)CC[C@H]4CC(=O)O)ccc21,40,1
O=C(O)C[C@@H]1CCc2cc(OCCCOc3ccc4[nH]ccc4c3)ccc21,24,1
Cc1coc2cc(OCCCOc3ccc4c(c3)CC[C@H]4CC(=O)O)ccc12,8,1
O=C(O)C[C@@H]1CCc2cc(OCCCOc3ccc4ncoc4c3)ccc21,130,0
CCCc1c(OCCCOc2ccc3c(c2)CC[C@H]3CC(=O)O)ccc2[nH]ccc12,6.2,1
O=C(O)C[C@@H]1CCc2cc(OCCCOc3ccc4cc[nH]c4c3)ccc21,19,1
Cc1cc2cc(OCCCOc3ccc4c(c3)CC[C@H]4CC(=O)O)ccc2[nH]1,67,1
C=CCc1c(OCCCOc2ccc3c(c2)CC[C@H]3CC(=O)O)ccc2[nH]ccc12,18,1
CCCc1c(OCCCOc2ccc3c(c2)CC[C@H]3CC(=O)O)ccc2c1ccn2C,29,1
O=C(O)CCc1ccc(OCC=C(c2ccc(Br)cc2)c2ccc(Br)cc2)cc1,520,0
Cc1cc(SCC=C(c2ccc(Br)cc2)c2ccc(Br)cc2)ccc1OCC(=O)O,17,1
O=C(O)COc1ccc(SCC=C(c2ccc(Br)cc2)c2ccc(Br)cc2)cc1Cl,53,1
O=C(O)Cc1ccc(OCC=C(c2ccc(Br)cc2)c2ccc(Br)cc2)c(Cl)c1,2300,0
O=C(O)Cc1cccc(OCC=C(c2ccc(Br)cc2)c2ccc(Br)cc2)c1,830,0
O=C(O)Cc1ccc(OCC=C(c2ccc(Br)cc2)c2ccc(Br)cc2)cc1,1100,0
O=C(O)CCc1cccc(OCC=C(c2ccc(Br)cc2)c2ccc(Br)cc2)c1,5900,0
Cc1cccc2c(-c3cccc(NCc4ccc(CC(=O)O)cc4)c3)c(Cc3ccccc3)cnc12,1975,0
O=C(O)Cc1ccc(CNc2cccc(-c3c(Cc4ccccc4)cnc4c(Cl)cccc34)c2)cc1,631,0
CCCCOc1ccc(CC(CCC)C(=O)O)cc1CNC(=O)c1ccc(C(F)(F)F)cc1F,5.1,1
CCCCC(Cc1ccc(OC)c(CNC(=O)c2ccc(C(F)(F)F)cc2F)c1)C(=O)O,220,0
CCCC(Cc1ccc(OC)c(CNC(=O)c2ccc(C(F)(F)F)cc2F)c1)C(=O)O,40,1
CCCCC(Cc1ccc(OC)c(CNC(=O)c2ccc(C(F)(F)F)cc2)c1)C(=O)O,700,0
CCCC(Cc1ccc(OC)c(CNC(=O)c2ccc(C(F)(F)F)cc2)c1)C(=O)O,120,0
COc1ccc(CC(C)C(=O)O)cc1CNC(=O)c1ccc(C(F)(F)F)cc1,210,0
COc1ccc(CCC(=O)O)cc1CNC(=O)c1ccc(C(F)(F)F)cc1,3000,0
CCCOc1ccc(CC(CC)C(=O)O)cc1CNC(=O)c1ccc(C(F)(F)F)cc1F,1.7,1
CCC(Cc1ccc(OCc2ccccc2)c(CNC(=O)c2ccc(C(F)(F)F)cc2)c1)C(=O)O,110,0
CCCCCCOc1ccc(CC(CC)C(=O)O)cc1CNC(=O)c1ccc(C(F)(F)F)cc1,45,1
CCCCOc1ccc(CC(CC)C(=O)O)cc1CNC(=O)c1ccc(C(F)(F)F)cc1,4.8,1
CCCOc1ccc(CC(CC)C(=O)O)cc1CNC(=O)c1ccc(C(F)(F)F)cc1,6.8,1
CCOc1ccc(CC(CC)C(=O)O)cc1CNC(=O)c1ccc(C(F)(F)F)cc1,15,1
Cc1cc(SCC(O)COc2ccc(C(F)(F)F)cc2)ccc1OCC(=O)O,79,1
Cc1cc(SCC(COc2ccc(C(F)(F)F)cc2)OCc2ccccc2)ccc1OCC(=O)O,60,1
CCOC(COc1ccc(C(F)(F)F)cc1)COc1ccc(OCC(=O)O)c(C)c1,24.3,1
CSCOC(CCc1ccc(C(F)(F)F)cc1)CSc1ccc(OCC(=O)O)c(C)c1,15.2,1
CCOC(CCc1ccc(C(F)(F)F)cc1)CSc1ccc(OCC(=O)O)c(C)c1,6.9,1
CCC(COc1ccc(C(F)(F)F)cc1)CSc1ccc(OCC(=O)O)c(C)c1,0.06,1
Cc1cc(SCC(C)COc2ccc(C(F)(F)F)cc2)ccc1OCC(=O)O,7.4,1
Cc1cc(SCC(COc2ccc(C(F)(F)F)cc2)COc2ccc(C(F)(F)F)cc2)ccc1OCC(=O)O,17,1
CCOCC(COc1ccc(C(F)(F)F)cc1)CSc1ccc(OCC(=O)O)c(C)c1,4.6,1
CCCC(=O)c1ccc(OC(COc2ccc(C(F)(F)F)cc2)CSc2ccc(OCC(=O)O)c(C)c2)cc1,23.9,1
COc1ccc(OC(COc2ccc(C(F)(F)F)cc2)CSc2ccc(OCC(=O)O)c(C)c2)cc1,62.1,1
Cc1cc(SCC(COc2ccc(C(F)(F)F)cc2)OCC(=O)O)ccc1OCC(=O)O,126,0
C=CCOC(COc1ccc(C(F)(F)F)cc1)CSc1ccc(OCC(=O)O)c(C)c1,3.9,1
CCCCOC(COc1ccc(C(F)(F)F)cc1)CSc1ccc(OCC(=O)O)c(C)c1,7,1
CCCOC(COc1ccc(C(F)(F)F)cc1)CSc1ccc(OCC(=O)O)c(C)c1,4.3,1
COC(COc1ccc(C(F)(F)F)cc1)CSc1ccc(OCC(=O)O)c(C)c1,18.8,1
Cc1cc(SCc2nc(-c3ccc(C(F)(F)F)cc3)ns2)ccc1OCC(=O)O,10,1
Cc1cc(OCc2nc(-c3ccc(OC(F)(F)F)cc3)ns2)ccc1OC(C)(C)C(=O)O,12,1
Cc1cc(OCc2nc(-c3ccc(C(F)(F)F)cc3)ns2)ccc1OC(C)(C)C(=O)O,3,1
Cc1cc(SCc2nsc(-c3ccc(OC(F)(F)F)cc3)n2)ccc1OC(C)(C)C(=O)O,58,1
Cc1cc(SCc2nsc(-c3ccc(C(F)(F)F)cc3)n2)ccc1OC(C)(C)C(=O)O,26,1
Cc1cc(SCc2nc(-c3ccc(C(C)(C)C)cc3)ns2)ccc1OC(C)(C)C(=O)O,93,1
Cc1cc(SCc2nc(-c3ccc(Cl)cc3)ns2)ccc1OC(C)(C)C(=O)O,18,1
Cc1cc(SCc2nc(-c3ccc(OC(F)(F)F)cc3)ns2)ccc1OC(C)(C)C(=O)O,3,1
Cc1cc(SCc2nc(-c3ccc(C(F)(F)F)cc3)ns2)ccc1OC(C)(C)C(=O)O,6,1
COc1cc(OCC(=O)O)c(C)cc1SCc1ccc(OCc2ccc(C(F)(F)F)cc2)cc1,13,1
O=C(O)COc1ccc(SCc2c(F)cccc2OCc2ccc(C(F)(F)F)cc2)c2c1CCC2,2610,0
O=C(O)COc1ccc(SCc2ccccc2OCc2ccc(C(F)(F)F)cc2)c2c1CCC2,230,0
O=C(O)COc1ccc(SCc2cc(F)ccc2OCc2ccc(C(F)(F)F)cc2)c2c1CCC2,70,1
O=C(O)COc1ccc(SCc2ccc(OCc3ccc(F)cc3C(F)(F)F)cc2)c2c1CCC2,1720,0
O=C(O)COc1ccc(SCc2ccc(OCc3ccc(F)cc3)cc2)c2c1CCC2,13600,0
O=C(O)COc1ccc(SCc2ccc(OCc3cc(Cl)ccc3Cl)cc2)c2c1CCC2,585,0
O=C(O)COc1ccc(SCc2ccc(OCc3ccccc3)cc2)c2c1CCC2,2210,0
CC(C)(C)c1ccc(COc2ccc(CSc3ccc(OCC(=O)O)c4c3CCC4)cc2)cc1,267,0
COc1ccc(COc2ccc(CSc3ccc(OCC(=O)O)c4c3CCC4)cc2)cc1,1970,0
O=C(O)COc1ccc(SCc2ccc(OCc3ccc(Cl)cc3)cc2)c2c1CCC2,933,0
O=C(O)COc1ccc(SCc2ccc(OCc3ccc(C(F)(F)F)cc3)cc2)c2c1CCC2,251,0
O=C(O)COc1ccc(SCc2ccc(OCc3ccc(C(F)(F)F)cc3)cc2)c2c1CCCO2,295,0
Cc1cc(SCc2ccc(OCc3ccc(C(F)(F)F)cc3)cc2)c(Cl)cc1OCC(=O)O,374,0
Cc1cc(SCc2ccc(OCc3ccc(C(F)(F)F)cc3)cc2)ccc1OCC(=O)O,252,0
O=C(O)COc1ccc(SCc2ccc(OCc3ccc(OC(F)(F)F)cc3)cc2)c2c1CCC2,530,0
Cc1nc(-c2ccc(C(F)(F)F)cc2)sc1COc1ccc2c(CC(=O)O)csc2c1,14.7,1
Cc1nc(C(F)(F)F)sc1CSc1ccc2c(ccn2CC(=O)O)c1,4,1
O=C(O)Cn1ccc2cc(OCc3ccc(Oc4ccc(C(F)(F)F)cc4)cc3)ccc21,2810,0
O=C(O)Cn1ccc2cc(OCc3cccc(COc4ccc(C(F)(F)F)cc4)c3)ccc21,254,0
O=C(O)Cn1ccc2cc(OCc3ccccc3COc3ccc(C(F)(F)F)cc3)ccc21,3080,0
O=C(O)Cn1ccc2cc(OCc3cc(-c4ccc(C(F)(F)F)cc4)on3)ccc21,1390,0
Cc1nc(C(F)(F)F)sc1COc1ccc2c(ccn2CC(=O)O)c1,223,0
O=C(O)Cc1coc2cc(OCc3ccc(COc4ccc(C(F)(F)F)cc4)cc3)ccc12,3440,0
O=C(O)Cc1coc2cc(OCc3cccc(COc4ccc(C(F)(F)F)cc4)c3)ccc12,1490,0
O=C(O)Cc1coc2cc(OCc3ccccc3COc3ccc(C(F)(F)F)cc3)ccc12,3120,0
O=C(O)Cc1csc2cc(OCc3ccc(COc4ccc(C(F)(F)F)cc4)cc3)ccc12,1070,0
O=C(O)Cc1csc2cc(OCc3cccc(COc4ccc(C(F)(F)F)cc4)c3)ccc12,166,0
Cc1cc2c(CC(=O)O)csc2cc1OCc1ccccc1COc1ccc(C(F)(F)F)cc1,172,0
O=C(O)Cc1csc2cc(OCc3ccccc3COc3ccc(C(F)(F)F)cc3)ccc12,2230,0
O=C(O)Cc1csc2cc(OCc3cc(-c4ccc(C(F)(F)F)cc4)on3)cc(Cl)c12,2360,0
Cc1cc(OCc2cc(-c3ccc(C(F)(F)F)cc3)on2)cc2scc(CC(=O)O)c12,561,0
O=C(O)Cc1csc2cc(OCc3cc(-c4ccc(Cl)cc4)on3)cc(Cl)c12,6360,0
Cc1cc2c(CC(=O)O)csc2cc1OCc1cc(-c2ccc(Cl)cc2)on1,656,0
Cc1cc(OCc2cc(-c3ccc(Cl)cc3)on2)cc2scc(CC(=O)O)c12,638,0
Cc1nc(-c2ccc(C(F)(F)F)cc2)sc1COc1cc(Cl)c2c(CC(=O)O)csc2c1,227,0
O=C(O)Cc1coc2cc(OCc3cc(-c4ccc(C(F)(F)F)cc4)on3)ccc12,1610,0
O=C(O)Cc1coc2cc(OCc3cc(-c4ccc(Cl)cc4)on3)ccc12,323,0
Cc1nc(-c2ccc(C(F)(F)F)cc2)sc1COc1ccc2c(CC(=O)O)coc2c1,243,0
O=C(O)Cc1csc2cc(OCc3cc(-c4ccc(C(F)(F)F)cc4)on3)ccc12,305,0
O=C(O)Cc1csc2cc(OCc3cc(-c4ccc(Cl)cc4)on3)ccc12,226,0
Cc1cc(SC/C=C\C(C#Cc2ccccc2)c2ccc(Br)cc2)ccc1OCC(=O)O,160,0
Cc1cc(SC/C=C/C#Cc2ccccc2)ccc1OCC(=O)O,12100,0
Cc1cc(OC/C=C\C(C#Cc2ccccc2)c2cnc3ccccc3c2)ccc1OCC(=O)O,290,0
Cc1cc2cc(C(C#Cc3ccc(F)cc3)/C=C\COc3ccc(OCC(=O)O)c(C)c3)ccc2o1,290,0
Cc1cc2cc(C(C#Cc3ccc(C)s3)/C=C\COc3ccc(OCC(=O)O)c(C)c3)ccc2o1,150,0
Cc1ccc(-c2ccc(C(C#Cc3ccccc3)/C=C\COc3ccc(OCC(=O)O)c(C)c3)cc2)s1,3900,0
CC1=Cc2cc(C#CC(/C=C\COc3ccc(OCC(=O)O)c(C)c3)c3ccc(Br)cc3)ccc2S1(=O)=O,1200,0
Cc1cc(OC/C=C\C(C#CCN2CCOCC2)c2ccc(Br)cc2)ccc1OCC(=O)O,3000,0
Cc1cc(OC/C=C\C(C#Cc2ccc(CO)cc2)c2ccc(Br)cc2)ccc1OCC(=O)O,490,0
Cc1ccc(C#CC(/C=C\COc2ccc(OCC(=O)O)c(C)c2)c2ccc(Br)cc2)s1,220,0
Cc1cc(C#CC(/C=C\COc2ccc(OCC(=O)O)c(C)c2)c2ccc(Br)cc2)ccc1F,2000,0
Cc1cc(OC/C=C\C(C#Cc2ccc(Cl)cc2)c2ccc(Br)cc2)ccc1OCC(=O)O,320,0
Cc1cc(OC/C=C\C(C#Cc2ccc(C(F)(F)F)cc2)c2ccc(Br)cc2)ccc1OCC(=O)O,130,0
Cc1cc(OC/C=C\C(C#Cc2ccccn2)c2ccc(Br)cc2)ccc1OCC(=O)O,240,0
Cc1cc(OC/C=C\C(C#Cc2ccccc2)c2ccc(Br)cc2)ccc1OCC(=O)O,770,0
COc1ccc(C#CC(/C=C\CSc2ccc(OCC(=O)O)c(C)c2)c2ccc(-c3ccccc3)cc2)cc1,11,1
Cc1cc(Oc2cccc(CNC(=O)c3ccc(C(F)(F)F)cc3)c2)ccc1OC(C)(C)C(=O)O,95,1
CCc1cc(Oc2cc(F)cc([C@@H](C)NC(=O)c3sc4ccc(Cl)cc4c3C)c2)ccc1CCC(=O)O,7,1
CCc1cc(Oc2cc(F)cc([C@@H](C)NC(=O)c3c(C)c4cc(Cl)ccc4n3C)c2)ccc1CCC(=O)O,1,1
Cc1cc(Oc2cccc(CNC(=O)c3c(C)c4cc(Cl)ccc4n3C)c2)ccc1CCC(=O)O,4,1
Cc1cc(Oc2cccc(CNC(=O)c3[nH]c4ccc(Cl)cc4c3C)c2)ccc1CCC(=O)O,6,1
Cc1cc(Oc2cccc(CNC(=O)c3cc4cc(Cl)ccc4n3C)c2)ccc1CCC(=O)O,87,1
Cc1cc(Oc2cccc(CNC(=O)c3cc4cc(Cl)c(Cl)cc4[nH]3)c2)ccc1CCC(=O)O,59,1
Cc1cc(Oc2cccc(CNC(=O)c3cc4cccc(Br)c4[nH]3)c2)ccc1CCC(=O)O,527,0
Cc1cc(Oc2cccc(CNC(=O)c3cc4cc(Br)ccc4[nH]3)c2)ccc1CCC(=O)O,93,1
Cc1cc(Oc2cccc(CNC(=O)c3cc4ccc(Cl)cc4[nH]3)c2)ccc1CCC(=O)O,80,1
Cc1cc(Oc2cccc(CNC(=O)c3cc4cc(Cl)ccc4[nH]3)c2)ccc1CCC(=O)O,47,1
Cc1cc(Oc2cccc(CNC(=O)c3cc4c(Cl)cccc4[nH]3)c2)ccc1CCC(=O)O,1300,0
Cc1cc(Oc2cccc(CNC(=O)c3ccc(C(F)(F)F)cc3C)c2)ccc1CCC(=O)O,33,1
Cc1cc(Oc2ccc(F)c(CNC(=O)c3ccc(C(F)(F)F)cc3F)c2)ccc1OC(C)(C)C(=O)O,119,0
Cc1cc(Oc2cc(F)cc(CNC(=O)c3ccc(C(F)(F)F)cc3F)c2)ccc1OC(C)(C)C(=O)O,48,1
Cc1ccc(Oc2ccc(OC(C)(C)C(=O)O)c(C)c2)cc1CNC(=O)c1ccc(C(F)(F)F)cc1F,86,1
Cc1cc(CNC(=O)c2ccc(C(F)(F)F)cc2F)cc(Oc2ccc(OC(C)(C)C(=O)O)c(C)c2)c1,4,1
Cc1ccc(CNC(=O)c2ccc(C(F)(F)F)cc2F)cc1Oc1ccc(OC(C)(C)C(=O)O)c(C)c1,96,1
Cc1cc(Oc2cccc(CNC(=O)c3ccccc3C)c2)ccc1OC(C)(C)C(=O)O,1878,0
COc1ccc(C(=O)NCc2cccc(Oc3ccc(OC(C)(C)C(=O)O)c(C)c3)c2)c(C)c1,376,0
Cc1cc(Oc2cccc(CNC(=O)c3ccc(OC(F)(F)F)cc3C)c2)ccc1OC(C)(C)C(=O)O,50,1
Cc1cc(Oc2cccc(CNC(=O)c3ccc(Cl)cc3C)c2)ccc1OC(C)(C)C(=O)O,254,0
Cc1ccc(C(=O)NCc2cccc(Oc3ccc(OC(C)(C)C(=O)O)c(C)c3)c2)c(C)c1,286,0
COc1cc(C(F)(F)F)ccc1C(=O)NCc1cccc(Oc2ccc(OC(C)(C)C(=O)O)c(C)c2)c1,30,1
Cc1cc(Oc2cccc(CNC(=O)c3ccc(C(F)(F)F)cc3Oc3ccccc3)c2)ccc1OC(C)(C)C(=O)O,409,0
Cc1cc(Oc2cccc(CNC(=O)c3ccc(C(F)(F)F)cc3C(F)(F)F)c2)ccc1OC(C)(C)C(=O)O,2870,0
Cc1cc(Oc2cccc(CNC(=O)c3ccc(C(F)(F)F)cc3Br)c2)ccc1OC(C)(C)C(=O)O,36,1
Cc1cc(Oc2cccc(CNC(=O)c3ccc(C(F)(F)F)cc3F)c2)ccc1OC(C)(C)C(=O)O,22,1
Cc1cc(Oc2cccc(CNC(=O)c3ccc(C(F)(F)F)cc3Cl)c2)ccc1OC(C)(C)C(=O)O,59,1
CCc1cc(C(F)(F)F)ccc1C(=O)NCc1cccc(Oc2ccc(OC(C)(C)C(=O)O)c(C)c2)c1,81,1
Cc1cc(Oc2cccc(CNC(=O)c3ccc(C(F)(F)F)cc3C)c2)ccc1OC(C)(C)C(=O)O,38,1
CCc1cc(OCC[C@@H](C)Oc2ccc(C(F)(F)F)cc2-c2ccccn2)ccc1CCC(=O)O,6,1
CCc1ccc(O[C@H](C)CCOc2ccc(CCC(=O)O)c(CC)c2)c(-c2ccccn2)c1,7,1
Cc1cc(OCC[C@@H](C)Oc2ccc(C(F)(F)F)cc2-c2ccccn2)ccc1CCC(=O)O,6,1
Cc1cc(OCC[C@@H](C)Oc2ccc(Cl)cc2-c2ccccn2)ccc1CCC(=O)O,24,1
CCc1ccc(O[C@H](C)CCOc2ccc(CCC(=O)O)c(C)c2)c(-c2ncco2)c1,50,1
CCc1ccc(O[C@H](C)CCOc2ccc(CCC(=O)O)c(C)c2)c(-c2cocn2)c1,274,0
CCc1ccc(O[C@H](C)CCOc2ccc(CCC(=O)O)c(C)c2)c(-c2nccs2)c1,25,1
CCc1ccc(O[C@H](C)CCOc2ccc(CCC(=O)O)c(C)c2)c(-c2cscn2)c1,22,1
CCc1ccc(O[C@H](C)CCOc2ccc(CCC(=O)O)c(C)c2)c(-c2ccncc2)c1,5,1
CCc1ccc(O[C@H](C)CCOc2ccc(CCC(=O)O)c(C)c2)c(-c2cccnc2)c1,15,1
CCc1ccc(O[C@H](C)CCOc2ccc(CCC(=O)O)c(C)c2)c(-c2ccccn2)c1,9,1
CCc1ccc(O[C@H](C)CCOc2ccc(CCC(=O)O)c(C)c2)c(-c2ccco2)c1,399,0
CCc1ccc(O[C@H](C)CCOc2ccc(CCC(=O)O)c(C)c2)c(-c2cccs2)c1,41,1
CCc1ccc(O[C@H](C)CCOc2ccc(CCC(=O)O)c(C)c2)c(-c2ccsc2)c1,42,1
CCc1ccc(O[C@H](C)CCOc2ccc(CCC(=O)O)c(C)c2)c(-c2ccccc2)c1,6,1
Cc1cnc(-c2ccccc2)nc1N(C)CCCOc1ccc2c(c1)CC[C@H]2CC(=O)O,24,1
CCOc1csc(-c2ccc(OCCCOc3ccc4c(c3)CC[C@H]4CC(=O)O)nc2)n1,3,1
CC(=O)c1sc(-c2ccc(OCCCOc3ccc4c(c3)CC[C@H]4CC(=O)O)nc2)nc1C,9,1
Cc1nc(-c2ccc(OCCCOc3ccc4c(c3)CC[C@H]4CC(=O)O)nc2)sc1C,5,1
CCc1csc(-c2ccc(OCCCOc3ccc4c(c3)CC[C@H]4CC(=O)O)nc2)n1,3,1
CCc1ccc(-c2nc(C)cc(N(C)CCCOc3ccc4c(c3)CC[C@H]4CC(=O)O)n2)cc1,11,1
CCc1ccc(-c2ncc(CC)c(N(C)CCCOc3ccc4c(c3)CC[C@H]4CC(=O)O)n2)cc1,2,1
CCc1ccc(-c2ncc(F)c(N(C)CCCOc3ccc4c(c3)CC[C@H]4CC(=O)O)n2)cc1,16,1
CCc1ccc(-c2nccc(N(C)CCCOc3ccc4c(c3)CC[C@H]4CC(=O)O)n2)cc1,25,1
Cc1cnc(-c2cccc(Cl)c2)nc1N(C)CCCOc1ccc2c(c1)CC[C@H]2CC(=O)O,23,1
CCOc1cccc(-c2ncc(C)c(N(C)CCCOc3ccc4c(c3)CC[C@H]4CC(=O)O)n2)c1,7,1
Cc1cccc(-c2ncc(C)c(N(C)CCCOc3ccc4c(c3)CC[C@H]4CC(=O)O)n2)c1,41,1
Cc1cnc(-c2ccc(Cl)cc2)nc1N(C)CCCOc1ccc2c(c1)CC[C@H]2CC(=O)O,7,1
Cc1cnc(-c2ccc(F)cc2)nc1N(C)CCCOc1ccc2c(c1)CC[C@H]2CC(=O)O,7,1
CC(=O)c1ccc(-c2ncc(C)c(N(C)CCCOc3ccc4c(c3)CC[C@H]4CC(=O)O)n2)cc1,83,1
COc1ccc(-c2ncc(C)c(N(C)CCCOc3ccc4c(c3)CC[C@H]4CC(=O)O)n2)cc1,12,1
CCOc1ccc(-c2ncc(C)c(N(C)CCCOc3ccc4c(c3)CC[C@H]4CC(=O)O)n2)cc1,58,1
Cc1cnc(-c2ccc(C(C)(C)C)cc2)nc1N(C)CCCOc1ccc2c(c1)CC[C@H]2CC(=O)O,28,1
Cc1cnc(-c2ccc(C(C)C)cc2)nc1N(C)CCCOc1ccc2c(c1)CC[C@H]2CC(=O)O,34,1
CCc1ccc(-c2ncc(C)c(N(C)CCCOc3ccc4c(c3)CC[C@H]4CC(=O)O)n2)cc1,10,1
Cc1ccc(-c2ncc(C)c(N(C)CCCOc3ccc4c(c3)CC[C@H]4CC(=O)O)n2)cc1,9,1
CCO[C@@H](Cc1ccc(OC/C=C/c2cc(OC(=O)c3ccccc3)cc(OC(=O)c3ccccc3)c2)cc1)C(=O)O,3000,0
CCO[C@@H](Cc1ccc(OC/C=C/c2cc(-c3ccccc3)cc(-c3ccccc3)c2)cc1)C(=O)O,4000,0
CCO[C@@H](Cc1ccc(OC/C=C/c2cc(OC(C)C)cc(OC(C)C)c2)cc1)C(=O)O,6000,0
CCO[C@@H](Cc1ccc(OC/C=C/c2cc(OCC(F)(F)F)cc(OCC(F)(F)F)c2)cc1)C(=O)O,4000,0
CCOc1cc(/C=C/COc2ccc(C[C@H](OCC)C(=O)O)cc2)cc(OCC)c1,7900,0
CCO[C@@H](Cc1ccc(OC/C=C/c2cc(OC)cc(OC)c2)cc1)C(=O)O,13000,0
CCO[C@@H](Cc1ccc(OC/C=C/c2cc(C(F)(F)F)cc(C(F)(F)F)c2)cc1)C(=O)O,1400,0
CCO[C@@H](Cc1ccc(OC/C=C/c2cc(Br)cc(Br)c2)cc1)C(=O)O,20000,0
CCO[C@@H](Cc1ccc(OC/C=C/c2cc(OC3CCCC3)cc(OC3CCCC3)c2)cc1)C(=O)O,15000,0
O=C(O)CCc1ccc(OCCN(Cc2ccccc2)c2nc3ccccc3s2)cc1,2810,0
Cc1cc(CCC(=O)O)ccc1OCCCN(Cc1cccs1)c1nc2ccc(Cl)cc2s1,390,0
CCc1cc(OCCN(Cc2ccccc2)c2nc3ccccc3s2)ccc1CCC(=O)O,2970,0
Cc1cc(OCCN(Cc2ccccc2)c2nc3ccccc3s2)ccc1CCC(=O)O,1170,0
O=C(O)CCc1ccc(OCCCN(Cc2ccccc2)c2nc3ccccc3s2)cc1,2550,0
Cc1ccc2nc(N(CCOc3ccc(CCC(=O)O)cc3)Cc3ccccc3)sc2c1,2610,0
O=C(O)CCc1ccc(OCCN(Cc2ccccc2)c2nc3ccc(Cl)cc3s2)cc1,1360,0
O=C(O)CCc1ccc(OCCN(Cc2cccs2)c2nc3ccccc3s2)cc1,1740,0
O=C(O)CCc1ccc(OCCN(Cc2ccc(C(F)(F)F)cc2)c2nc3ccccc3s2)cc1,940,0
CC(C)(C)c1ccc(CN(CCOc2ccc(CCC(=O)O)cc2)c2nc3ccccc3s2)cc1,4880,0
CC(C)(Oc1cccc(CCCN(CCOc2ccccc2)c2nc3ccccc3o2)c1)C(=O)O,800,0
CCC(Oc1cccc(CN(CCCOc2ccc(O)cc2)c2nc3ccccc3o2)c1)C(=O)O,3,1
CCC(Oc1cccc(CN(CCCOc2ccc(F)c(F)c2)c2nc3ccccc3o2)c1)C(=O)O,1300,0
CCC(Oc1cccc(CN(CCCOc2ccc(F)cc2F)c2nc3ccccc3o2)c1)C(=O)O,6500,0
CCC(Oc1cccc(CN(CCCOc2ccc(C)c(C)c2)c2nc3ccccc3o2)c1)C(=O)O,830,0
CCC(Oc1cccc(CN(CCCOc2ccc(C)cc2C)c2nc3ccccc3o2)c1)C(=O)O,110,0
CCC(Oc1cccc(CN(CCCOc2ccc(C)cc2)c2nc3ccccc3o2)c1)C(=O)O,120,0
CCC(Oc1cccc(CN(CCCOc2cccc([N+](=O)[O-])c2)c2nc3ccccc3o2)c1)C(=O)O,1400,0
CCC(Oc1cccc(CN(CCCOc2ccc3c(c2)OCO3)c2nc3ccccc3o2)c1)C(=O)O,1700,0
CCC(Oc1cccc(CN(CCCOc2ccccc2)c2nc3cc(O)ccc3o2)c1)C(=O)O,140,0
CCC(Oc1cccc(CN(CCCOc2ccccc2)c2nc3c(O)cccc3o2)c1)C(=O)O,1900,0
CCC(Oc1cccc(CN(CCCOc2ccccc2)c2nc3cc4c(cc3o2)OCO4)c1)C(=O)O,1100,0
CCC(Oc1cccc(CN(CCCOc2ccccc2)c2nc3cc(C)ccc3o2)c1)C(=O)O,5000,0
CCC(Oc1cccc(CN(CCCOc2ccccc2)c2nc3cc(C(F)(F)F)ccc3o2)c1)C(=O)O,160,0
CCC(Oc1cccc(CN(CCCOc2ccccc2)c2nc3cccc(F)c3o2)c1)C(=O)O,8000,0
CCC(Oc1cccc(CN(CCCOc2ccccc2)c2nc3ccc(F)cc3o2)c1)C(=O)O,1900,0
CCC(Oc1cccc(CN(CCCOc2ccccc2)c2nc3cc(F)ccc3o2)c1)C(=O)O,1100,0
CCC(Oc1cccc(CCN(CCCOc2ccccc2)c2nc3ccccc3o2)c1)C(=O)O,1400,0
CC(Oc1cccc(CCN(CCCOc2ccccc2)c2nc3ccccc3o2)c1)C(=O)O,2300,0
CC(Oc1cccc(CN(CCCOc2ccccc2)c2nc3ccccc3o2)c1)C(=O)O,2700,0
CC(C)(Oc1cccc(CN(CCCOc2ccccc2)c2nc3ccccc3o2)c1)C(=O)O,1400,0
Cc1cc(Sc2cc(C#CCN3CCOCC3)nc(C#Cc3ccc(C(F)(F)F)cc3)c2)ccc1OCC(=O)O,50,1
O=C(O)COc1ccc(Sc2cc(C#CCN3CCOCC3)nc(C#Cc3ccc(C(F)(F)F)cc3)c2)c2c1CCC2,130,0
CCN(C(=O)Nc1ccc(OC(F)(F)F)cc1)[C@@H]1Cc2ccc(SC(C)(C)C(=O)O)cc2C1,2100,0
Cc1nc(-c2ccc(C(F)(F)F)cc2)sc1C(=O)NCc1ccc(NS(=O)(=O)C(F)(F)F)cc1,400,0
CCC(Cc1ccc(OC)c(CNC(=O)c2ccccc2)c1)C(=O)O,8100,0
CCCCCCOc1ccc(CC(CC)C(=O)O)cc1CNC(=O)c1ccc(C23CC4CC(CC(C4)C2)C3)cc1,810,0
CCOc1ccc(CC(CC)C(=O)O)cc1CNC(=O)c1ccc(C23CC4CC(CC(C4)C2)C3)cc1,250,0
CCCC(Cc1ccc(OC)c(CNC(=O)c2ccc(C34CC5CC(CC(C5)C3)C4)cc2)c1)C(=O)O,1400,0
CCC(Cc1ccc(OC)c(CNC(=O)c2ccc(C3CCCCC3)cc2)c1)C(=O)O,300,0
CCC(Cc1ccc(OC)c(CNC(=O)c2ccc(-c3ccccc3)cc2)c1)C(=O)O,210,0
CCC(Cc1ccc(OC)c(CNC(=O)c2ccc(C(C)(C)C)cc2)c1)C(=O)O,720,0
Cc1oc(-c2ccccc2)nc1CCCCCCOC(C)(C)C(=O)O,30000,0
Cc1cc(SCc2cc(-c3ccc(C(F)(F)F)cc3)sn2)ccc1OCC(=O)O,2,1
CC(Oc1ccc(SCc2nc(-c3ccc(C(F)(F)F)cc3)ns2)cc1)C(=O)O,20,1
Cc1ccc(-c2nsc(COc3ccc(OC(C)(C)C(=O)O)c(C)c3)n2)cc1Cl,148,0
Cc1ccc(-c2nsc(COc3ccc(OC(C)(C)C(=O)O)c(C)c3)n2)cc1C,534,0
Cc1cc(OCc2nc(-c3ccc(Cl)c(Cl)c3)ns2)ccc1OC(C)(C)C(=O)O,114,0
Cc1cc(OCc2nc(-c3ccc(OC(F)(F)F)c(Cl)c3)ns2)ccc1OC(C)(C)C(=O)O,13,1
Cc1cc(OCc2nc(-c3ccc(C(F)(F)F)c(F)c3)ns2)ccc1OC(C)(C)C(=O)O,3,1
Cc1cc(SCCc2nc(-c3ccc(Cl)c(Cl)c3)ns2)ccc1OC(C)(C)C(=O)O,9,1
Cc1cc(SCCc2nc(-c3ccc(C(F)(F)F)cc3)ns2)ccc1OC(C)(C)C(=O)O,2,1
Cc1cc(SCc2nsc(-c3ccc(Cl)c(Cl)c3)n2)ccc1OC(C)(C)C(=O)O,229,0
Cc1cc(SCc2nsc(-c3ccc(Cl)cc3)n2)ccc1OC(C)(C)C(=O)O,237,0
Cc1ccc(-c2nsc(CSc3ccc(OC(C)(C)C(=O)O)c(C)c3)n2)cc1Cl,25,1
Cc1ccc(-c2nsc(CSc3ccc(OC(C)(C)C(=O)O)c(C)c3)n2)cc1C,93,1
Cc1cc(SCc2nc(-c3ccc(Cl)cc3Cl)ns2)ccc1OC(C)(C)C(=O)O,102,0
Cc1cc(SCc2nc(-c3ccc(Cl)c(Cl)c3)ns2)ccc1OC(C)(C)C(=O)O,8,1
Cc1cc(SCc2nc(-c3ccc(OC(F)(F)F)c(Cl)c3)ns2)ccc1OC(C)(C)C(=O)O,3,1
Cc1cc(SCc2nc(-c3ccc(C(F)(F)F)c(F)c3)ns2)ccc1OC(C)(C)C(=O)O,5,1
Cc1cc(SCc2cc(-c3ccc(C(F)(F)F)cc3)on2)ccc1OCC(=O)O,2,1
Cc1cc(SCc2cc(-c3ccc(C(F)(F)F)cc3)no2)ccc1OCC(=O)O,20,1
Cc1cc(SCc2csnc2-c2ccc(C(F)(F)F)cc2)ccc1OCC(=O)O,150,0
Cc1cc(SCc2cc(-c3ccc(C(F)(F)F)cc3)ns2)ccc1OCC(=O)O,5,1
CCOc1cc(F)c(CC(CC)C(=O)O)cc1CNC(=O)c1ccc(C23CC4CC(CC(C4)C2)C3)cc1F,55,1
CCCOc1cc(F)c(CC(CC)C(=O)O)cc1CNC(=O)c1ccc(C23CC4CC(CC(C4)C2)C3)cc1,60,1
CCOc1cc(F)c(CC(CC)C(=O)O)cc1CNC(=O)c1ccc(C23CC4CC(CC(C4)C2)C3)cc1,94,1
CCC(Cc1cc(CNC(=O)c2ccc(C34CC5CC(CC(C5)C3)C4)cc2)c(OC)cc1F)C(=O)O,280,0
CCC(Cc1cc(F)c(OC)c(CNC(=O)c2ccc(C34CC5CC(CC(C5)C3)C4)cc2)c1)C(=O)O,2200,0
CCC(Cc1ccc(OC)c(CNC(=O)c2ccc(C34CC5CC(CC(C5)C3)C4)cc2F)c1)C(=O)O,550,0
CCC(Cc1cc(CNC(=O)c2ccc(C(F)(F)F)cc2)c(OC)cc1F)C(=O)O,20,1
CCC(Cc1cc(F)c(OC)c(CNC(=O)c2ccc(C(F)(F)F)cc2)c1)C(=O)O,59,1
O=C(Nc1ccccc1C(=O)O)c1cccc(S(=O)(=O)N2CCc3ccccc3C2)c1,1258.93,0
Cc1ccc(NC(=O)c2cccc(S(=O)(=O)N3CCc4ccccc4C3)c2)c(C(=O)O)c1,199.53,0
O=C(Nc1ccc(Cl)cc1C(=O)O)c1cccc(S(=O)(=O)N2CCc3ccccc3C2)c1,125.89,0
O=C(Nc1ccc(Br)cc1C(=O)O)c1cccc(S(=O)(=O)N2CCc3ccccc3C2)c1,199.53,0
O=C(Nc1ccc(F)cc1C(=O)O)c1cccc(S(=O)(=O)N2CCc3ccccc3C2)c1,501.19,0
O=C(Nc1ccc(C(F)(F)F)cc1C(=O)O)c1cccc(S(=O)(=O)N2CCc3ccccc3C2)c1,158.49,0
O=C(Nc1cc(Br)ccc1C(=O)O)c1cccc(S(=O)(=O)N2CCc3ccccc3C2)c1,158.49,0
COc1cccc2c1CCN(S(=O)(=O)c1cccc(C(=O)Nc3ccc(Cl)cc3C(=O)O)c1)C2,1258.93,0
O=C(Nc1ccc(Cl)cc1C(=O)O)c1cccc(S(=O)(=O)N2CCc3c(O)cccc3C2)c1,1995.26,0
O=C(Nc1ccc(Cl)cc1C(=O)O)c1cccc(S(=O)(=O)N2CCc3c(cccc3C(=O)O)C2)c1,1258.93,0
COc1ccc2c(c1)CCN(S(=O)(=O)c1cccc(C(=O)Nc3ccc(Cl)cc3C(=O)O)c1)C2,794.33,0
O=C(Nc1ccc(Cl)cc1C(=O)O)c1cccc(S(=O)(=O)N2CCc3ccc(F)cc3C2)c1,1000,0
O=C(Nc1ccc(Cl)cc1C(=O)O)c1cccc(S(=O)(=O)N2CCc3ccc(Cl)cc3C2)c1,794.33,0
Cc1c(Cl)ccc2c1CN(S(=O)(=O)c1cccc(C(=O)Nc3ccc(Cl)cc3C(=O)O)c1)CC2,316.23,0
Cc1ccc(NC(=O)c2cccc(S(=O)(=O)n3ccc4c(C)cccc43)c2)c(C(=O)O)c1,19.95,1
Cc1ccc(NC(=O)c2cccc(S(=O)(=O)n3ccc4c(Br)cccc43)c2)c(C(=O)O)c1,12.59,1
COc1cccc2c1ccn2S(=O)(=O)c1cccc(C(=O)Nc2ccc(C)cc2C(=O)O)c1,39.81,1
Cc1ccc(NC(=O)c2cccc(S(=O)(=O)n3ccc4cc(C)ccc43)c2)c(C(=O)O)c1,31.62,1
Cc1ccc(NC(=O)c2cccc(S(=O)(=O)n3ccc4cc(Cl)ccc43)c2)c(C(=O)O)c1,50.12,1
COc1ccc2c(ccn2S(=O)(=O)c2cccc(C(=O)Nc3ccc(C)cc3C(=O)O)c2)c1,501.19,0
Cc1ccc(NC(=O)c2cccc(S(=O)(=O)n3ccc4ccc(C)cc43)c2)c(C(=O)O)c1,50.12,1
Cc1ccc(NC(=O)c2cccc(S(=O)(=O)n3ccc4ccc(Cl)cc43)c2)c(C(=O)O)c1,199.53,0
COc1ccc2ccn(S(=O)(=O)c3cccc(C(=O)Nc4ccc(C)cc4C(=O)O)c3)c2c1,100,1
Cc1ccc(NC(=O)c2cccc(S(=O)(=O)n3ccc4cccc(C)c43)c2)c(C(=O)O)c1,79.43,1
Cc1ccc(NC(=O)c2cccc(S(=O)(=O)n3ccc4cccc(Cl)c43)c2)c(C(=O)O)c1,158.49,0
COc1cccc2ccn(S(=O)(=O)c3cccc(C(=O)Nc4ccc(C)cc4C(=O)O)c3)c12,630.96,0
COc1ccc2c(ccn2S(=O)(=O)c2cccc(C(=O)Nc3ccc(C)cc3C(=O)O)c2)c1C,12.59,1
COc1cccc2c1ccn2S(=O)(=O)c1cccc(C(=O)Nc2ccc(Cl)cc2C(=O)O)c1,158.49,0
COc1ccc2c(ccn2S(=O)(=O)c2cccc(C(=O)Nc3ccc(Cl)cc3C(=O)O)c2)c1,158.49,0
COc1ccc2ccn(S(=O)(=O)c3cccc(C(=O)Nc4ccc(Cl)cc4C(=O)O)c3)c2c1,100,1
COc1ccc2c(ccn2S(=O)(=O)c2cccc(C(=O)Nc3ccc(Cl)cc3C(=O)O)c2)c1C,15.85,1
CCCc1cc(C(=O)c2ccccc2)ccc1OCCCn1ccc2cc(OC(C)(C)C(=O)O)ccc21,5270,0
CCCc1cc(C(=O)c2ccc(OC)cc2)ccc1OCCCn1ccc2cc(OC(C)(C)C(=O)O)ccc21,4450,0
CCCCCCC[C@H]1C(=O)C=C(I)[C@@H]1OCCCCCC(=O)O,500,0
CCCCCCC#CC1=CC(=O)[C@H](CCCCCCC)[C@H]1OCCCCCC(=O)O,2000,0
CCCCCCC[C@H]1C(=O)C=C[C@H]1OCCCCCC(=O)O,2000,0
CO[C@@H](Cc1ccc(OCCc2nc(-c3ccccc3)oc2C)c2sccc12)C(=O)O,137,0
CCO[C@@H](Cc1ccc(OCCc2nc(-c3ccccc3)oc2C)c2ccsc12)C(=O)O,117,0
CCCO[C@@H](Cc1ccc(OCCc2nc(-c3ccccc3)oc2C)c2ccsc12)C(=O)O,45,1
COc1cc(OC)cc(-c2nc(CCOc3ccc(C[C@H](OC)C(=O)O)c4sccc34)c(C)o2)c1,678,0
CCO[C@@H](Cc1ccc(OCCc2nc(-c3ccccc3)oc2C)c2ccccc12)C(=O)O,169,0
Cc1nc(-c2ccc(C(C)(C)C)cc2)sc1C(=O)NCc1ccc(OC(C)(C)C(=O)O)cc1,10000,0
Cn1nc(-c2ccc(C(C)(C)C)cc2)cc1C(=O)NCc1ccc(OC(C)(C)C(=O)O)cc1,10000,0
Cc1cc(CNC(=O)c2cc(-c3ccc(C(C)(C)C)cc3)nn2C)ccc1OC(C)(C)C(=O)O,2165,0
Cc1cc(CNC(=O)c2cc(-c3ccc(C(C)C)cc3)nn2C)ccc1OC(C)(C)C(=O)O,1360,0
Cc1cc(CNC(=O)c2cc(-c3ccc(C(C)C)cc3)n(C)n2)ccc1OC(C)(C)C(=O)O,4850,0
Cc1cc(CNC(=O)c2cc(-c3ccc(CC(C)C)cc3)nn2C)ccc1OC(C)(C)C(=O)O,2870,0
Cc1cc(CNC(=O)c2cc(-c3ccc(CC(C)C)cc3)n(C)n2)ccc1OC(C)(C)C(=O)O,2060,0
CCn1nc(-c2ccc(C(C)(C)C)cc2)cc1C(=O)NCc1ccc(OC(C)(C)C(=O)O)c(C)c1,2700,0
C=CCn1nc(-c2ccc(C(C)(C)C)cc2)cc1C(=O)NCc1ccc(OC(C)(C)C(=O)O)c(C)c1,1150,0
COCCn1nc(-c2ccc(C(C)(C)C)cc2)cc1C(=O)NCc1ccc(OC(C)(C)C(=O)O)c(C)c1,2050,0
Cc1cc(CNC(=O)c2cc(-c3ccc(C(C)(C)C)cc3)n(Cc3ccccc3)n2)ccc1OC(C)(C)C(=O)O,25000,0
Cc1cc(CNC(=O)c2cc(-c3ccc(-c4ccccc4)cc3)n(C)n2)ccc1OC(C)(C)C(=O)O,1550,0
Cc1cc(CNC(=O)c2cc(-c3ccc(-c4ccoc4)cc3)n(C)n2)ccc1OC(C)(C)C(=O)O,1630,0
Cc1cc(CNC(=O)c2cc(-c3ccc(N4CCOCC4)cc3)n(C)n2)ccc1OC(C)(C)C(=O)O,35,1
Cc1cc(CNC(=O)c2cc(-c3ccc(N4CCCC4)cc3)n(C)n2)ccc1OC(C)(C)C(=O)O,1060,0
C=C(COc1ccccc1)CSc1ccc(OCC(=O)O)c(C)c1,711,0
C=C(COc1ccc(Cl)cc1)CSc1ccc(OCC(=O)O)c(C)c1,65.5,1
C=C(COc1ccc(Cl)c(Cl)c1)CSc1ccc(OCC(=O)O)c(C)c1,49.8,1
C=C(COc1ccc(C(F)(F)F)cc1)CSc1ccc(OCC(=O)O)c(C)c1,17.1,1
C=C(COc1ccc(OC)cc1)CSc1ccc(OCC(=O)O)c(C)c1,216,0
C=C(COc1ccc(N(C)C)cc1)CSc1ccc(OCC(=O)O)c(C)c1,238,0
C=C(COc1ccc(Cl)cc1Cl)CSc1ccc(OCC(=O)O)c(C)c1,138,0
C=C(COc1ccc(OC(F)(F)F)cc1)CSc1ccc(OCC(=O)O)c(C)c1,28.4,1
C=C(CSc1ccc(C(F)(F)F)cc1)CSc1ccc(OCC(=O)O)c(C)c1,54.3,1
C=C(CCc1ccc(C(F)(F)F)cc1)CSc1ccc(OCC(=O)O)c(C)c1,26.8,1
C=C(COc1ccc(C(F)(F)F)cc1)CSc1ccc(OCC(=O)O)c(Cl)c1,46.7,1
C=C(COc1ccc(C(F)(F)F)cc1)COc1ccc(OCC(=O)O)c(C)c1,249,0
CCCC(CCC)(COc1ccc(C(F)(F)F)cc1)CSc1ccc(OCC(=O)O)c(C)c1,8.6,1
Cc1cc(SCC2(COc3ccc(C(F)(F)F)cc3)CC2)ccc1OCC(=O)O,23.3,1
CC(C)=C(COc1ccc(C(F)(F)F)cc1)CSc1ccc(OCC(=O)O)c(C)c1,22.3,1
Cc1cc(SCC2(COc3ccc(C(F)(F)F)cc3)OCCCO2)ccc1OCC(=O)O,45.6,1
Cc1cc(SCC(F)(F)COc2ccc(C(F)(F)F)cc2)ccc1OCC(=O)O,147,0
Cc1cc(SC/C(=C/C#N)COc2ccc(C(F)(F)F)cc2)ccc1OCC(=O)O,35.4,1
Cc1cc(SC/C(=C/c2ccccc2)COc2ccc(C(F)(F)F)cc2)ccc1OCC(=O)O,45.5,1
Cc1cc(SCC(COc2ccc(C(F)(F)F)cc2)=C(F)F)ccc1OCC(=O)O,69.6,1
CCC#CCOc1cc(COCC2CC2)ccc1Sc1ccc(OCC(=O)O)c2c1CCCC2,1500,0
CCC#CCOc1cc(COC2CCCC2)ccc1Sc1ccc(OCC(=O)O)c2c1CCCC2,900,0
CCC#CCOc1cc(CNc2ccc(C(F)(F)F)cc2)ccc1Sc1ccc(OCC(=O)O)c2c1CCCC2,3100,0
CCC#CCOc1cc(COc2ccc(C(F)(F)F)cn2)ccc1Sc1ccc(OCC(=O)O)c2c1CCCC2,1200,0
CCC#CCOc1cc(COc2ccc(Cl)cc2C)ccc1Sc1ccc(OCC(=O)O)c2c1CCCC2,370,0
COCCCOc1cc(COc2ccc(C(F)(F)F)cc2)ccc1Sc1ccc(OCC(=O)O)c(C)c1C,1900,0
C#CCOc1cc(COc2ccc(C(F)(F)F)cc2)ccc1Sc1ccc(OCC(=O)O)c(C)c1C,54,1
COCCOc1cc(COc2ccc(C(F)(F)F)cc2)ccc1Sc1ccc(OCC(=O)O)c(C)c1C,1700,0
Cc1c(OCC(=O)O)ccc(Sc2ccc(COc3ccc(C(F)(F)F)cc3)cc2OCC#N)c1C,1100,0
Cc1cc(COc2cc(COc3ccc(C(F)(F)F)cc3)ccc2Sc2ccc(OCC(=O)O)c(C)c2C)no1,2200,0
Cc1c(OCC(=O)O)ccc(Sc2ccc(COc3ccc(C(F)(F)F)cc3)cc2OCc2cccnc2)c1C,2900,0
Cc1c(OCC(=O)O)ccc(Sc2ccc(COc3ccc(C(F)(F)F)cc3)cc2OCc2ccncc2)c1C,4100,0
Cc1c(OCC(=O)O)ccc(Sc2ccc(COc3ccc(C(F)(F)F)cc3)cc2OCC2CCCO2)c1C,7100,0
C#CCOc1cc(COc2ccc(C(F)(F)F)cc2)ccc1Sc1ccc(OCC(=O)O)c2c1CCCC2,52,1
CC#CCOc1cc(COc2ccc(C(F)(F)F)cc2)ccc1Sc1ccc(OCC(=O)O)c2c1CCCC2,43,1
CCC#CCOc1cc(COc2ccc(C(F)(F)F)cc2)ccc1Sc1ccc(OCC(=O)O)c2c1CCCC2,44,1
CC(C)(O)C#CCOc1cc(COc2ccc(C(F)(F)F)cc2)ccc1Sc1ccc(OCC(=O)O)c2c1CCCC2,1400,0
O=C(O)COc1ccc(Sc2ccc(COc3ccc(C(F)(F)F)cc3)cc2OCC#CCO)c2c1CCCC2,220,0
O=C(O)COc1ccc(Sc2ccc(COc3ccc(C(F)(F)F)cc3)cc2OCC#CCCO)c2c1CCCC2,2000,0
C[C@H](O)C#CCOc1cc(COc2ccc(C(F)(F)F)cc2)ccc1Sc1ccc(OCC(=O)O)c2c1CCCC2,1200,0
COCC#CCOc1cc(COc2ccc(C(F)(F)F)cc2)ccc1Sc1ccc(OCC(=O)O)c2c1CCCC2,340,0
COCCC#CCOc1cc(COc2ccc(C(F)(F)F)cc2)ccc1Sc1ccc(OCC(=O)O)c2c1CCCC2,470,0
O=C(O)COc1ccc(Sc2ccc(COc3ccc(C(F)(F)F)cc3)cc2OCC#Cc2cccnc2)c2c1CCCC2,680,0
CCC#CCOc1cc(COc2cccc(C(F)(F)F)c2)ccc1Sc1ccc(OCC(=O)O)c2c1CCCC2,420,0
CCC#CCOc1cc(COc2ccccc2C(F)(F)F)ccc1Sc1ccc(OCC(=O)O)c2c1CCCC2,1100,0
CCC#CCOc1cc(COc2ccc(Cl)cc2)ccc1Sc1ccc(OCC(=O)O)c2c1CCCC2,350,0
O=C(O)COc1ccc(Sc2ccc(COc3ccc(C(F)(F)F)cc3)cc2Cl)c2c1CCCC2,18,1
Cc1cccc(OCCCOc2ccc(SCC(=O)O)cc2)c1C,1400,0
Cc1cccc(OCCCOc2ccc(CCC(=O)O)cc2)c1C,11200,0
Cc1cc(OCc2nc(-c3ccc(-c4ccccc4)cc3)c(-c3ccc(-c4ccccc4)cc3)s2)ccc1OCC(=O)O,130,0
Cc1cc(OCc2nc(-c3ccccc3)c(-c3ccc(Cl)cc3)s2)ccc1OCC(=O)O,130,0
COc1ccc(-c2nc(COc3ccc(OCC(=O)O)c(C)c3)sc2-c2ccccc2)cc1,190,0
Cc1ccc(-c2sc(COc3ccc(OCC(=O)O)c(C)c3)nc2-c2cccnc2)cc1,190,0
Cc1cc(OCc2nc(C)c(-c3ccc(Cl)cc3)s2)ccc1OCC(=O)O,320,0
Cc1cc(OCc2nc(-c3ccc(-c4ccccc4)cc3)cs2)ccc1OCC(=O)O,340,0
Cc1cc(OCc2nc(-c3ccc(C(F)(F)F)cc3)c(-c3ccc(C(F)(F)F)cc3)s2)ccc1OCC(=O)O,350,0
Cc1cc(OCc2nc(-c3ccc(Cl)cc3)c(-c3ccc(Cl)cc3)s2)ccc1OCC(=O)O,510,0
Cc1cc(OCc2nc(-c3ccc(C(F)(F)F)cc3)cs2)ccc1OCC(=O)O,1390,0
Cc1cc(OCc2nc(-c3ccc(C(F)(F)F)cc3)c(C)s2)ccc1OCC(=O)O,2400,0
COc1ccc(-c2sc(COc3ccc(OCC(=O)O)c(C)c3)nc2-c2ccccc2)cc1,2620,0
COc1ccc(-c2csc(COc3ccc(OCC(=O)O)c(C)c3)n2)cc1,4060,0
Cc1cc(OCc2nc(-c3ccc(Cl)cc3)cs2)ccc1OCC(=O)O,4710,0
Cc1cc(OCc2nc(-c3ccc(Cl)cc3)c(-c3ccccc3)s2)ccc1OCC(=O)O,5900,0
Cc1ccc(-c2sc(COc3ccc(OCC(=O)O)c(C)c3)nc2C)cc1,6320,0
COc1ccc(-c2nc(COc3ccc(OCC(=O)O)c(C)c3)oc2-c2ccc(C(F)(F)F)cc2)cc1,10,1
COc1ccc(-c2nc(COc3ccc(OCC(=O)O)c(C)c3)oc2-c2ccc(OC(F)(F)F)cc2)cc1,10,1
COc1ccc(-c2nc(COc3ccc(OCC(=O)O)c(C)c3)sc2-c2ccc(-c3ccccc3)cc2)cc1,10,1
CCCc1ccc(-c2oc(COc3ccc(OCC(=O)O)c(C)c3)nc2-c2ccc(OC)cc2)cc1,10,1
COc1ccc(-c2nc(COc3ccc(OCC(=O)O)c(C)c3)oc2-c2ccc(-c3ccccc3)cc2)cc1,10,1
COc1ccc(-c2nc(COc3ccc(OCC(=O)O)c(C)c3)sc2-c2ccc(OC(F)(F)F)cc2)cc1,20,1
COc1ccc(-c2nc(COc3ccc(OCC(=O)O)c(C)c3)sc2-c2ccc3ccccc3c2)cc1,20,1
COc1ccc(-c2nc(COc3ccc(OCC(=O)O)c(C)c3)sc2-c2ccc(C(F)(F)F)cc2)cc1,40,1
COc1ccc(-c2nc(COc3ccc(OCC(=O)O)c(C)c3)oc2-c2ccc(Cl)cc2)cc1,50,1
COc1ccc(-c2nc(COc3ccc(OCC(=O)O)c(C)c3)sc2-c2cc3ccccc3o2)cc1,50,1
COc1ccc(-c2nc(COc3ccc(OCC(=O)O)c(C)c3)sc2-c2ccc(Cl)cc2)cc1,60,1
COc1ccc(-c2nc(COc3ccc(OCC(=O)O)c(C)c3)sc2-c2cccc(C(F)(F)F)c2)cc1,70,1
COc1ccc(-c2nc(COc3ccc(OCC(=O)O)c(C)c3)oc2-c2ccc(Cl)c(Cl)c2)cc1,70,1
COc1ccc(-c2nc(COc3ccc(OCC(=O)O)c(C)c3)sc2-c2cnc3ccccc3c2)cc1,80,1
COc1ccc(-c2nc(COc3ccc(OCC(=O)O)c(C)c3)sc2/C=C/c2ccccc2)cc1,110,0
COc1ccc(-c2nc(COc3ccc(OCC(=O)O)c(C)c3)oc2-c2cnc3ccccc3c2)cc1,110,0
COc1ccc(-c2nc(COc3ccc(OCC(=O)O)c(C)c3)sc2-c2ccc(OC)c(Cl)c2)cc1,130,0
COc1ccc(-c2nc(COc3ccc(OCC(=O)O)c(C)c3)sc2-c2ccc(SC(F)(F)F)cc2)cc1,150,0
COc1ccc(-c2nc(COc3ccc(OCC(=O)O)c(C)c3)sc2-c2ccc(-c3ccccc3)c(C(F)(F)F)c2)cc1,250,0
CCCc1ccc(-c2sc(COc3ccc(OCC(=O)O)c(C)c3)nc2-c2ccc(OC)cc2)cc1,510,0
COc1ccc(-c2nc(COc3ccc(OCC(=O)O)c(C)c3)oc2-c2cccc(C(F)(F)F)c2)cc1,650,0
COc1ccc(-c2nc(COc3ccc(OCC(=O)O)c(C)c3)sc2-c2ccc(C(C)(C)C)cc2)cc1,720,0
COc1ccc(-c2nc(COc3ccc(OCC(=O)O)c(C)c3)sc2-c2ccc(Cl)nc2)cc1,880,0
Cc1cc(OCc2nc(-c3ccc(C(=O)N(C)C(C)C)cc3)c(-c3ccc(OC(F)(F)F)cc3)o2)ccc1OCC(=O)O,1,1
Cc1cc(OCc2nc(-c3ccc(C(=O)N(C)C(C)C)cc3)c(-c3ccc(OC(F)(F)F)cc3)s2)ccc1OCC(=O)O,2,1
Cc1cc(OCc2nc(-c3ccc(OC(C)C)cc3)c(-c3ccc(OC(F)(F)F)cc3)o2)ccc1OCC(=O)O,8,1
Cc1cc(OCc2nc(-c3ccc(OC4CCCC4)cc3)c(-c3ccc(OC(F)(F)F)cc3)o2)ccc1OCC(=O)O,8,1
Cc1cc(OCc2nc(-c3ccc(C(=O)N4CCCCC4)cc3)c(-c3ccc(OC(F)(F)F)cc3)s2)ccc1OCC(=O)O,6,1
Cc1cc(OCc2nc(-c3ccc(OC(C)C)cc3)c(-c3ccc(OC(F)(F)F)cc3)s2)ccc1OCC(=O)O,8.5,1
Cc1cc(OCc2nc(-c3ccc(OC4CCCC4)cc3)c(-c3ccc(OC(F)(F)F)cc3)s2)ccc1OCC(=O)O,12.5,1
Cc1cc(OCc2nc(-c3ccc4c(c3)OCCCO4)c(-c3ccc(OC(F)(F)F)cc3)s2)ccc1OCC(=O)O,13,1
Cc1cc(OCc2nc(-c3ccc4c(c3)OCCO4)c(-c3ccc(OC(F)(F)F)cc3)s2)ccc1OCC(=O)O,17,1
CCC(C)Oc1ccc(-c2nc(COc3ccc(OCC(=O)O)c(C)c3)sc2-c2ccc(OC(F)(F)F)cc2)cc1,18,1
Cc1cc(OCc2nc(-c3ccc(C(=O)N4CCCCC4)cc3)c(-c3ccc(OC(F)(F)F)cc3)o2)ccc1OCC(=O)O,18,1
Cc1cc(OCc2nc(-c3ccc(C(=O)N(C)C)cc3)c(-c3ccc(OC(F)(F)F)cc3)s2)ccc1OCC(=O)O,23,1
CCCCOc1ccc(-c2nc(COc3ccc(OCC(=O)O)c(C)c3)sc2-c2ccc(OC(F)(F)F)cc2)cc1,26,1
CCN(CC)c1ccc(-c2nc(COc3ccc(OCC(=O)O)c(C)c3)sc2-c2ccc(OC(F)(F)F)cc2)cc1,30,1
Cc1cc(OCc2nc(-c3ccc4c(c3)OCO4)c(-c3ccc(OC(F)(F)F)cc3)s2)ccc1OCC(=O)O,31,1
CCOc1ccc(-c2nc(COc3ccc(OCC(=O)O)c(C)c3)sc2-c2ccc(OC(F)(F)F)cc2)cc1,32,1
CCCOc1ccc(-c2nc(COc3ccc(OCC(=O)O)c(C)c3)sc2-c2ccc(OC(F)(F)F)cc2)cc1,35,1
Cc1cc(OCc2nc(-c3ccc(N4CCOCC4)cc3)c(-c3ccc(OC(F)(F)F)cc3)s2)ccc1OCC(=O)O,45,1
Cc1cc(OCc2nc(-c3ccc(N4CCCCC4)cc3)c(-c3ccc(OC(F)(F)F)cc3)s2)ccc1OCC(=O)O,52,1
COc1ccc(-c2nc(COc3ccc(OCC(=O)O)c(C)c3)sc2-c2ccc(OC(F)(F)F)cc2)cc1F,56,1
Cc1cc(OCc2nc(-c3ccc(OCC(C)C)cc3)c(-c3ccc(OC(F)(F)F)cc3)s2)ccc1OCC(=O)O,63,1
COc1cccc(-c2nc(COc3ccc(OCC(=O)O)c(C)c3)sc2-c2ccc(OC(F)(F)F)cc2)c1,120,0
Cc1cc(OCc2nc(-c3ccc(-c4ccccc4)cc3)c(-c3ccc(OC(F)(F)F)cc3)s2)ccc1OCC(=O)O,160,0
Cc1cc(OCc2nc(-c3ccc(C(F)(F)F)cc3)c(-c3ccc(OC(F)(F)F)cc3)s2)ccc1OCC(=O)O,331,0
Cc1cc(OCc2nc(-c3ccc(N4CCCC4)cc3)c(-c3ccc(OC(F)(F)F)cc3)s2)ccc1OCC(=O)O,410,0
Cc1cc(OCc2nc(-c3ccc4[nH]c(=O)oc4c3)c(-c3ccc(OC(F)(F)F)cc3)s2)ccc1OCC(=O)O,544,0
Cc1cc(OCc2nc(-c3ccc(NS(C)(=O)=O)cc3)c(-c3ccc(OC(F)(F)F)cc3)s2)ccc1OCC(=O)O,775,0
Cc1cc(OCc2nc(-c3cnc(OC(C)C)nc3)c(-c3ccc(OC(F)(F)F)cc3)o2)ccc1OCC(=O)O,1,1
Cc1cc(OCc2nc(-c3cnc(N4CCOCC4)nc3)c(-c3ccc(OC(F)(F)F)cc3)o2)ccc1OCC(=O)O,1,1
Cc1cc(OCc2nc(-c3ccc(N4CCOCC4)nc3)c(-c3ccc(OC(F)(F)F)cc3)o2)ccc1OCC(=O)O,2,1
Cc1cc(OCc2nc(-c3cnc(N4CCOCC4)nc3)c(-c3ccc(OC(F)(F)F)cc3)s2)ccc1OCC(=O)O,3,1
Cc1cc(OCc2nc(-c3cnc(OC(C)C)nc3)c(-c3ccc(OC(F)(F)F)cc3)s2)ccc1OCC(=O)O,10,1
Cc1cc(OCc2nc(-c3cccnc3)c(-c3ccc(OC(F)(F)F)cc3)o2)ccc1OCC(=O)O,7,1
Cc1cc(OCc2nc(-c3ccc(OC(C)C)nc3)c(-c3ccc(OC(F)(F)F)cc3)s2)ccc1OCC(=O)O,10,1
COc1ccc(-c2nc(COc3ccc(OCC(=O)O)c(C)c3)oc2-c2ccc(OC(F)(F)F)cc2)cn1,9,1
COc1ncc(-c2nc(COc3ccc(OCC(=O)O)c(C)c3)oc2-c2ccc(OC(F)(F)F)cc2)cn1,14,1
COc1ccc(-c2nc(COc3ccc(OCC(=O)O)c(C)c3)sc2-c2ccc(OC(F)(F)F)cc2)cn1,14.5,1
Cc1cc(OCc2nc(-c3ccc(N4CCOCC4)nc3)c(-c3ccc(OC(F)(F)F)cc3)s2)ccc1OCC(=O)O,18,1
COc1ncc(-c2nc(COc3ccc(OCC(=O)O)c(C)c3)sc2-c2ccc(OC(F)(F)F)cc2)cn1,34,1
Cc1cc(OCc2nc(-c3cncnc3)c(-c3ccc(OC(F)(F)F)cc3)o2)ccc1OCC(=O)O,55,1
Cc1cc(OCc2nc(-c3cncnc3)c(-c3ccc(OC(F)(F)F)cc3)s2)ccc1OCC(=O)O,59,1
Cc1cc(OCc2nc(-c3cccnc3)c(-c3ccc(OC(F)(F)F)cc3)s2)ccc1OCC(=O)O,68,1
CCCc1cc(OCc2nc(-c3ccc(OC)cc3)c(-c3ccc(C(F)(F)F)cc3)s2)ccc1OCC(=O)O,20,1
COc1ccc(-c2nc(CSc3ccc(CC(=O)O)cc3Cl)sc2-c2ccc(C(F)(F)F)cc2)cc1,62,1
COc1ccc(-c2nc(COc3ccc(CCC(=O)O)c(C)c3)sc2-c2ccc(C(F)(F)F)cc2)cc1,140,0
COc1ccc(-c2nc(COc3ccc(CC(=O)O)c(C)c3)sc2-c2ccc(C(F)(F)F)cc2)cc1,140,0
COc1ccc(-c2nc(CSc3ccc(OCC(=O)O)c(C)c3)sc2-c2ccc(C(F)(F)F)cc2)cc1,230,0
COc1ccc(-c2nc(COc3ccc4c(ccn4CC(=O)O)c3)sc2-c2ccc(C(F)(F)F)cc2)cc1,340,0
COc1ccc(-c2nc(COc3ccc(CCC(=O)O)c(C(F)(F)F)c3)sc2-c2ccc(C(F)(F)F)cc2)cc1,380,0
COc1ccc(-c2nc(COc3ccc4c(c3)CC(C(=O)O)O4)sc2-c2ccc(C(F)(F)F)cc2)cc1,460,0
COc1ccc(-c2nc(COc3ccc(CC(=O)O)cc3Cl)sc2-c2ccc(C(F)(F)F)cc2)cc1,480,0
COc1ccc(-c2nc(COc3ccc4c(CC(=O)O)cccc4c3)sc2-c2ccc(C(F)(F)F)cc2)cc1,740,0
COc1ccc(-c2nc(COc3ccc(OCC(=O)O)cc3)sc2-c2ccc(C(F)(F)F)cc2)cc1,930,0
COc1ccc(-c2nc(COc3ccc(OC(C)(C)C(=O)O)cc3)sc2-c2ccc(C(F)(F)F)cc2)cc1,1200,0
COc1ccc(-c2nc(COc3ccc(CC(=O)O)cc3)sc2-c2ccc(C(F)(F)F)cc2)cc1,1300,0
CCOC(Cc1ccc(OCc2nc(-c3ccc(OC)cc3)c(-c3ccc(C(F)(F)F)cc3)s2)cc1)C(=O)O,1870,0
COc1ccc(-c2nc(COc3ccc(OCC(=O)O)cc3C)sc2-c2ccc(C(F)(F)F)cc2)cc1,2260,0
COc1ccc(-c2nc(COc3ccc(OCC(=O)O)c4ccccc34)sc2-c2ccc(C(F)(F)F)cc2)cc1,2930,0
Cc1cc(OCc2nc(-c3cccnc3)c(-c3ccc(-c4ccccc4)cc3)o2)ccc1OCC(=O)O,7,1
Cc1cc(OCc2nc(-c3ccc(OC(C)C)cc3)c(-c3ccc(-c4ccccc4)cc3)s2)ccc1OCC(=O)O,9.5,1
CCCc1ccc(-c2oc(COc3ccc(OCC(=O)O)c(C)c3)nc2-c2cnc(OC)nc2)cc1,9.5,1
CCCc1ccc(-c2sc(COc3ccc(OCC(=O)O)c(C)c3)nc2-c2ccc(OC(C)C)cc2)cc1,12,1
Cc1cc(OCc2nc(-c3ccc(N4CCOCC4)cc3)c(-c3ccc(-c4ccccc4)cc3)s2)ccc1OCC(=O)O,16,1
Cc1cc(OCc2nc(-c3ccc(OC(C)C)cc3)c(-c3ccc(C(F)(F)F)cc3)s2)ccc1OCC(=O)O,13.5,1
Cc1cc(OCc2nc(-c3ccc(OC(C)C)cc3)c(-c3cccc(OC(F)(F)F)c3)s2)ccc1OCC(=O)O,12.5,1
COc1ccc(-c2nc(CSc3ccc(OCC(=O)O)cc3Cl)sc2-c2ccc(OC)cc2)cc1,30,1
COc1ccc(-c2nc(COc3ccc(OCC(=O)O)c(C)c3)sc2-c2ccc(OC)cc2)cc1,100,1
COc1ccc(-c2nc(COc3ccc(OCC(=O)O)c(C)c3)oc2-c2ccc(OC)cc2)cc1,120,0
COc1ccc(-c2nc(CSc3ccc(OCC(=O)O)cc3Cl)oc2-c2ccc(OC)cc2)cc1,250,0
COc1ccc(-c2nc(CSc3ccc(OCC(=O)O)c(C)c3)sc2-c2ccc(OC)cc2)cc1,470,0
COc1ccc(-c2nc(CSc3ccc(OCC(=O)O)c(C)c3)oc2-c2ccc(OC)cc2)cc1,660,0
COc1ccc(-c2nc(COc3ccc(OCC(=O)O)cc3Cl)sc2-c2ccc(OC)cc2)cc1,810,0
COc1ccc(-c2nc(Sc3ccc(OCC(=O)O)c(C)c3)sc2-c2ccc(OC)cc2)cc1,1410,0
COc1ccc(-c2nc(SCc3ccc(OCC(=O)O)cc3Cl)sc2-c2ccc(OC)cc2)cc1,3300,0
COc1ccc(-c2nc(SCc3ccc(OCC(=O)O)c(C)c3)sc2-c2ccc(OC)cc2)cc1,5670,0
COc1ccc(-c2nc(Sc3ccc(OCC(=O)O)cc3Cl)sc2-c2ccc(OC)cc2)cc1,6360,0
Cc1cc(CN(CC(=O)Nc2ccc(Cl)cc2Cl)C2CCCCC2)ccc1OCC(=O)O,3,1
Cc1cc(OC/C=C(\C#Cc2ccc(C(F)(F)F)cc2)c2ccc(Br)cc2)ccc1OCC(=O)O,130,0
O=C(O)Cc1cccc(-c2noc(-c3ccccc3)c2C(=O)NCCOc2cc(Cl)cc(Cl)c2)c1,70,1
COc1ccc(-c2nc(Sc3cccc(C(C)C(=O)O)c3)sc2-c2ccc(OC)cc2)cc1,3200,0
CCCCOc1ccc(-c2ccc(C(=O)O)c(C)c2)cc1CNC(=O)c1ccc(C(F)(F)F)cc1F,45,1
CCCCOc1ccc(-c2cccc(C(=O)O)c2C)cc1CNC(=O)c1ccc(C(F)(F)F)cc1F,1.6,1
CCCCOc1ccc(-c2ccc(C)c(C(=O)O)c2)cc1CNC(=O)c1ccc(C(F)(F)F)cc1F,14,1
CCCCOc1ccc(-c2cc(C(=O)O)ccc2C)cc1CNC(=O)c1ccc(C(F)(F)F)cc1F,4.9,1
CCCCOc1ccc(-c2ccc(C(=O)O)cc2)cc1CNC(=O)c1ccc(C(F)(F)F)cc1F,170,0
CCCCOc1ccc(-c2cccc(C(=O)O)c2)cc1CNC(=O)c1ccc(C(F)(F)F)cc1F,29,1
CCCCOc1ccc(-c2ccc(C(=O)O)nc2)cc1CNC(=O)c1ccc(C(F)(F)F)cc1F,400,0
CCCCOc1ccc(-c2ccc(C(=O)O)cc2F)cc1CNC(=O)c1ccc(C(F)(F)F)cc1F,53,1
CCCCOc1ccc(-c2ccc(C(=O)O)cc2C)cc1CNC(=O)c1ccc(C(F)(F)F)cc1F,11,1
Cc1ccc(NC(=O)CN(Cc2ccc(OC(C)(C)C(=O)O)cc2)Cc2ccco2)c(C)c1,6000,0
CCCCOc1ccc(-c2cncc(C(=O)O)c2)cc1CNC(=O)c1ccc(C(F)(F)F)cc1F,220,0
CCCCOc1ccc(-c2c(F)ccc(C(=O)O)c2F)cc1CNC(=O)c1ccc(C(F)(F)F)cc1F,5.7,1
CCCCOc1ccc(-c2c(C)ncc(C(=O)O)c2C)cc1CNC(=O)c1ccc(C(F)(F)F)cc1F,76,1
Cc1cc(CN2CCCC2C(=O)Nc2ccc(Cl)cc2Cl)ccc1OCC(=O)O,1600,0
Cc1cc(CN2CCC(C(=O)Nc3ccc(Cl)cc3Cl)C2)ccc1OCC(=O)O,1000,0
Cc1cc(CN2Cc3ccccc3C2C(=O)Nc2ccc(Cl)cc2Cl)ccc1OCC(=O)O,25,1
Cc1cc(CN2Cc3ccccc3C2C(=O)Nc2cc(Cl)ccc2Cl)ccc1OCC(=O)O,320,0
Cc1cc(CN2Cc3ccccc3C2C(=O)Nc2ccc(Cl)cc2)ccc1OCC(=O)O,2500,0
Cc1cc(CN2Cc3ncccc3CC2C(=O)Nc2ccc(Cl)cc2Cl)ccc1OCC(=O)O,500,0
Cc1cc(CN2Cc3cccnc3CC2C(=O)Nc2ccc(Cl)cc2Cl)ccc1OCC(=O)O,2000,0
C/C(=N\OCc1sc(-c2ccc(C(F)(F)F)cc2)nc1C)c1ccc(OCC(=O)O)c(C)c1,10,1
CC/C(=N\OCc1sc(-c2ccc(C(F)(F)F)cc2)nc1C)c1ccc(OCC(=O)O)c(C)c1,800,0
Cc1cc(/C(=N/OCc2sc(-c3ccc(C(F)(F)F)cc3)nc2C)C2CCCCC2)ccc1OCC(=O)O,700,0
C/C(=N\OCc1nc(-c2ccccc2)oc1C)c1ccc(OCC(=O)O)c(C)c1,800,0
C/C(=N\OCc1nc(-c2ccc(C)cc2)oc1C)c1ccc(OCC(=O)O)c(C)c1,300,0
Cc1cc2c(CCc3nc(-c4ccc(Cl)cc4Cl)oc3C(C)C)noc2cc1OCC(=O)O,25,1
Cc1cc(S(=O)(=O)N(CCC(C)C)c2cccc(-c3ccc(C(F)(F)F)cc3)c2)ccc1OCC(=O)O,158.49,0
CCCCN(c1cccc(-c2ccc(Cl)cc2)c1C)S(=O)(=O)c1ccc(OCC(=O)O)c(C)c1C,1.995,1
CCCCN(c1cccc(-c2ccc(Cl)cc2)c1C)S(=O)(=O)c1ccc(OC(CC)C(=O)O)c(C)c1C,125.89,0
CCCCN(c1cccc(-c2ccc(Cl)cc2)c1C)S(=O)(=O)c1ccc(OC(C)C(=O)O)c(C2CCCCC2)c1,15.85,1
CCCCN(c1cccc(-c2ccc(Cl)cc2)c1C)S(=O)(=O)c1ccc(OC(C)C(=O)O)c(Cl)c1Cl,63.1,1
CCCCN(c1cccc(-c2ccc(Cl)cc2)c1C)S(=O)(=O)c1ccc(OC(C)C(=O)O)c(OC)c1Cl,316.23,0
CCCCN(c1cccc(-c2ccc(Cl)cc2)c1C)S(=O)(=O)c1ccc(OC(C)C(=O)O)c(F)c1Cl,398.11,0
CCCCN(c1cccc(-c2ccc(Cl)cc2)c1C)S(=O)(=O)c1ccc(OC(C)C(=O)O)c(F)c1OC,501.19,0
CCCCN(c1cccc(-c2ccc(Cl)cc2)c1C)S(=O)(=O)c1ccc(OC(C)C(=O)O)c(F)c1F,316.23,0
CCCN(c1cccc(-c2ccc(Cl)cc2)c1C)S(=O)(=O)c1ccc(OC(C)C(=O)O)c(C)c1C,79.43,1
CCCCCN(c1cccc(-c2ccc(Cl)cc2)c1C)S(=O)(=O)c1ccc(OC(C)C(=O)O)c(C)c1C,398.11,0
Cc1c(-c2ccc(Cl)cc2)cccc1N(CC1CCC1)S(=O)(=O)c1ccc(OC(C)C(=O)O)c(C)c1C,501.19,0
Cc1c(-c2ccc(Cl)cc2)cccc1N(CC1CC1)S(=O)(=O)c1ccc(OC(C)C(=O)O)c(C)c1C,794.33,0
COCCN(c1cccc(-c2ccc(Cl)cc2)c1C)S(=O)(=O)c1ccc(OC(C)C(=O)O)c(C)c1C,501.19,0
Cc1c(-c2ccc(Cl)cc2)cccc1N(CCCC(F)(F)F)S(=O)(=O)c1ccc(OC(C)C(=O)O)c(C)c1C,1995.26,0
CCCCN(c1cccc(-c2ccc(Cl)cc2)c1Cl)S(=O)(=O)c1ccc(OC(C)C(=O)O)c(C)c1C,10,1
CCCCN(c1cccc(-c2ccc(Cl)cc2)c1OC)S(=O)(=O)c1ccc(OC(C)C(=O)O)c(C)c1C,19.95,1
CCCCN(c1cc(-c2ccc(Cl)cc2)cc(C(F)(F)F)c1)S(=O)(=O)c1ccc(OC(C)C(=O)O)c(C)c1C,100,1
CCCCN(c1ccc(F)c(-c2ccc(Cl)cc2)c1)S(=O)(=O)c1ccc(OC(C)C(=O)O)c(C)c1C,39.81,1
CCCCN(c1ccc(C)c(-c2ccc(Cl)cc2)c1)S(=O)(=O)c1ccc(OC(C)C(=O)O)c(C)c1C,125.89,0
CCCCN(c1cc(-c2ccc(Cl)cc2)ccc1OC(F)(F)F)S(=O)(=O)c1ccc(OC(C)C(=O)O)c(C)c1C,1000,0
CCCCN(c1cc(-c2ccc(Cl)cc2)ccc1C)S(=O)(=O)c1ccc(OC(C)C(=O)O)c(C)c1C,794.33,0
CCCCN(c1cc(-c2ccc(Cl)cc2)c(F)cc1F)S(=O)(=O)c1ccc(OC(C)C(=O)O)c(C)c1C,1258.93,0
CCCCN(c1cc(-c2ccc(Cl)cc2)c(F)cc1C)S(=O)(=O)c1ccc(OC(C)C(=O)O)c(C)c1C,3162.28,0
CCCCN(c1cccc(-c2cccc(Cl)c2)c1C)S(=O)(=O)c1ccc(OC(C)C(=O)O)c(C)c1C,501.19,0
CCCCN(c1cccc(-c2ccc(Cl)c(Cl)c2)c1C)S(=O)(=O)c1ccc(OC(C)C(=O)O)c(C)c1C,125.89,0
CCCCN(c1cccc(-c2ccccc2Cl)c1C)S(=O)(=O)c1ccc(OC(C)C(=O)O)c(C)c1C,1995.26,0
CCCCN(c1cccc(-c2ccc(C(F)(F)F)cc2)c1C)S(=O)(=O)c1ccc(OC(C)C(=O)O)c(C)c1C,6.31,1
CCCCN(c1cccc(-c2ccc(OC(F)(F)F)cc2)c1C)S(=O)(=O)c1ccc(OC(C)C(=O)O)c(C)c1C,39.81,1
CCCCN(c1cccc(-c2ccc(C)cc2)c1C)S(=O)(=O)c1ccc(OC(C)C(=O)O)c(C)c1C,31.62,1
CCCCN(c1cccc(-c2ccc(OC)cc2)c1C)S(=O)(=O)c1ccc(OC(C)C(=O)O)c(C)c1C,39.81,1
CCCCN(c1cccc(-c2ccc(OC(F)(F)F)cc2)c1Cl)S(=O)(=O)c1ccc(OC(C)C(=O)O)c(C)c1C,12.544,1
CCCCN(c1cccc(-c2ccc(C(F)(F)F)cc2)c1Cl)S(=O)(=O)c1ccc(OC(C)C(=O)O)c(C)c1C,5.497666667,1
CCC(Cc1ccc(OC)c(CNC(=O)c2ccc(OC(F)(F)F)cc2)c1)C(=O)O,110,0
CCC(Cc1ccc(OC)c(CNC(=O)c2ccc(Oc3ccccc3)cc2)c1)C(=O)O,120,0
CC[C@@H](Cc1ccc(OC)c(CNC(=O)c2ccc(Oc3ccc(F)cc3)cc2)c1)C(=O)O,300,0
CC[C@@H](Cc1ccc(OC)c(CNC(=O)c2ccc(Oc3ccc(Cl)cc3)cc2)c1)C(=O)O,580,0
CC[C@@H](Cc1ccc(OC)c(CNC(=O)c2ccc(Oc3ccc(Br)cc3)cc2)c1)C(=O)O,800,0
CCC(Cc1ccc(OC)c(CNC(=O)c2ccc(OCc3ccccc3)cc2)c1)C(=O)O,1400,0
CCC(Cc1ccc(OC)c(CNC(=O)c2ccc(OCCc3ccccc3)cc2)c1)C(=O)O,1400,0
CCC(Cc1ccc(OC)c(CNC(=O)c2cccc(-c3ccccc3)c2)c1)C(=O)O,4100,0
CCC(Cc1ccc(OC)c(CNC(=O)c2cccc(Oc3ccccc3)c2)c1)C(=O)O,4800,0
Cc1oc(-c2ccccc2)nc1CCc1noc2cc(OC(C)(C)C(=O)O)ccc12,14900,0
CCc1oc(-c2ccccc2)nc1CCc1noc2cc(OC(C)(C)C(=O)O)ccc12,6700,0
CCCc1oc(-c2ccccc2)nc1CCc1noc2cc(OC(C)(C)C(=O)O)ccc12,9800,0
CCCc1oc(-c2ccccc2Cl)nc1CCc1noc2cc(OC(C)(C)C(=O)O)ccc12,5400,0
CC(C)c1oc(-c2ccccc2Cl)nc1CCc1noc2cc(OC(C)(C)C(=O)O)ccc12,1300,0
CCCCCCc1oc(-c2ccccc2Cl)nc1CCc1noc2cc(OC(C)(C)C(=O)O)ccc12,2000,0
CC(C)c1oc(-c2ccccc2O)nc1CCc1noc2cc(OC(C)(C)C(=O)O)ccc12,900,0
CC(C)c1oc(-c2ccc(C(C)(C)C)cc2)nc1CCc1noc2cc(OC(C)(C)C(=O)O)ccc12,1200,0
CCCCc1ccc(-c2nc(CCc3noc4cc(OC(C)(C)C(=O)O)ccc34)c(C(C)C)o2)cc1,700,0
CC(C)c1oc(-c2ccc(Cl)cc2Cl)nc1CCc1noc2cc(OC(C)(C)C(=O)O)ccc12,100,1
CC(C)c1nc(-c2ccc(C(F)(F)F)cc2)sc1CCc1noc2cc(OC(C)(C)C(=O)O)ccc12,21,1
Cc1cc2c(CCc3sc(-c4ccc(C(F)(F)F)cc4)nc3C(C)C)noc2cc1OC(C)(C)C(=O)O,11,1
CCCCOc1cc(N2C(=O)c3ccccc3C2=O)ccc1CCc1ccc(CC(CC)C(=O)O)cc1,3200,0
CCC(Cc1ccc(CCc2ccc(N3C(=O)c4ccccc4C3=O)cc2O)cc1)C(=O)O,25000,0
CCC(Cc1ccc(CCc2ccc(N3C(=O)c4ccccc4C3=O)cc2)cc1)C(=O)O,14000,0
O=C(O)COc1ccc(CCc2ccc(N3C(=O)c4ccccc4C3=O)cc2)cc1,62000,0
O=C(O)CCc1ccc(CCc2ccc(N3C(=O)c4ccccc4C3=O)cc2)cc1,13000,0
Cc1cc(SCc2sc(-c3ccc(C(F)(F)F)cc3)nc2C)ccc1OC(F)C(=O)O,55,1
CCc1cc(SCc2sc(-c3ccc(C(F)(F)F)cc3)nc2C)ccc1OC(F)C(=O)O,290,0
Cc1nc(-c2ccc(C(F)(F)F)cc2)sc1CSc1ccc(OC(F)C(=O)O)c(C(C)C)c1,580,0
CC[C@@H](Cc1ccc(OC)c(C(=O)NCc2ccc(Oc3ccc(F)cc3)cc2)c1)C(=O)O,1920,0
COc1ccc(-c2cccc(C(=O)O)c2)cc1CNC(=O)c1ccc(Oc2ccccc2)cc1,470,0
Cc1nc(-c2ccccc2)sc1C(=O)N[C@H]1CCCN(c2cccc(C(=O)O)c2)C1,7100,0
Cc1nc(-c2cccc(Cl)c2)sc1C(=O)N[C@H]1CCCN(c2cccc(C(=O)O)c2)C1,2400,0
Cc1nc(-c2ccccc2Cl)sc1C(=O)N[C@H]1CCCN(c2cccc(C(=O)O)c2)C1,1900,0
Cc1nc(-c2ccc(F)cc2)sc1C(=O)N[C@H]1CCCN(c2cccc(C(=O)O)c2)C1,8800,0
COc1ccc(-c2nc(C)c(C(=O)N[C@H]3CCCN(c4cccc(C(=O)O)c4)C3)s2)cc1,1800,0
CC[C@@H](Cc1ccc(OC)c(CNC(=O)c2ccc3ccc4cccc5ccc2c3c45)c1)C(=O)O,43,1
COc1cc([C@H]2OC[C@@H]3[C@H](c4ccc5c(c4)OCO5)OC[C@H]23)cc(OC)c1O,47600,0
COc1cc([C@H]2OC[C@@H]3[C@H](c4ccc(O)c(OC)c4)OC[C@H]23)ccc1O,49500,0
CC(C)(O)C1=C[C@@H](O)[C@@](C)(O)CC1,48500,0
C=CCc1ccc(OC)c(OC)c1,50600,0
COc1ccc([C@@H](O)[C@H](O)CO)cc1OC,22600,0
C/C=C\CC/C=C/C=C/C(=O)NCC(C)C,4900,0
CC=C/C=C\CC/C=C/C=C/C(=O)NCC(C)C,51100,0
CCCC(Sc1ccc(OCC(=O)O)c(C)c1)c1sc(-c2ccc(C(F)(F)F)cc2)nc1C,1,1
Cc1cc(SC(CC(C)C)c2sc(-c3ccc(C(F)(F)F)cc3)nc2C)ccc1OCC(=O)O,1.1,1
Cc1cc(SC(CC2CC2)c2sc(-c3ccc(C(F)(F)F)cc3)nc2C)ccc1OCC(=O)O,1.1,1
Cc1cc(SC(Cc2c(F)cccc2Cl)c2sc(-c3ccc(C(F)(F)F)cc3)nc2C)ccc1OCC(=O)O,1.2,1
Cc1cc(SC(Cc2c(F)cccc2C(F)(F)F)c2sc(-c3ccc(C(F)(F)F)cc3)nc2C)ccc1OCC(=O)O,1.2,1
Cc1cc(SC(Cc2ccccc2)c2sc(-c3ccc(C(F)(F)F)cc3)nc2C)ccc1OCC(=O)O,7.3,1
CCC(Sc1ccc(OCC(=O)O)c(C)c1)c1sc(-c2ccc(C(F)(F)F)cc2)nc1C,1.8,1
Cc1cc(SC(Cc2c(F)cccc2F)c2sc(-c3ccc(C(F)(F)F)cc3)nc2C)ccc1OCC(=O)O,2.1,1
CCCCC(Sc1ccc(OCC(=O)O)c(C)c1)c1sc(-c2ccc(C(F)(F)F)cc2)nc1C,2.3,1
Cc1cc(SC(CCc2ccccc2)c2sc(-c3ccc(C(F)(F)F)cc3)nc2C)ccc1OCC(=O)O,2.6,1
Cc1cc(SC(Cc2c(Cl)cccc2Cl)c2sc(-c3ccc(C(F)(F)F)cc3)nc2C)ccc1OCC(=O)O,2.8,1
Cc1cc(SC(Cc2ccc(-c3ccccc3)cc2)c2sc(-c3ccc(C(F)(F)F)cc3)nc2C)ccc1OCC(=O)O,4.4,1
Cc1cc(SC(Cc2ccc(F)cc2F)c2sc(-c3ccc(C(F)(F)F)cc3)nc2C)ccc1OCC(=O)O,4.6,1
COc1ccc(CC(Sc2ccc(OCC(=O)O)c(C)c2)c2sc(-c3ccc(C(F)(F)F)cc3)nc2C)cc1,4.8,1
Cc1cc(SC(CCCc2ccccc2)c2sc(-c3ccc(C(F)(F)F)cc3)nc2C)ccc1OCC(=O)O,6.1,1
Cc1cc(SC(Cc2cc(F)c(F)c(F)c2)c2sc(-c3ccc(C(F)(F)F)cc3)nc2C)ccc1OCC(=O)O,6.7,1
Cc1cc(SC(Cc2c(F)c(F)c(F)c(F)c2F)c2sc(-c3ccc(C(F)(F)F)cc3)nc2C)ccc1OCC(=O)O,8.1,1
Cc1cc(SC(Cc2ccc(C(F)(F)F)cc2)c2sc(-c3ccc(C(F)(F)F)cc3)nc2C)ccc1OCC(=O)O,9.4,1
Cc1cc(SC(CCCCCc2ccccc2)c2sc(-c3ccc(C(F)(F)F)cc3)nc2C)ccc1OCC(=O)O,11.4,1
Cc1cc(SC(Cc2cc(F)ccc2F)c2sc(-c3ccc(C(F)(F)F)cc3)nc2C)ccc1OCC(=O)O,16.7,1
Cc1cc(SC(CCCCc2ccccc2)c2sc(-c3ccc(C(F)(F)F)cc3)nc2C)ccc1OCC(=O)O,38.8,1
Cc1cc(SC(CCCCCCCc2ccccc2)c2sc(-c3ccc(C(F)(F)F)cc3)nc2C)ccc1OCC(=O)O,57.2,1
Cc1cc(SC(Cc2ccc([N+](=O)[O-])cc2)c2sc(-c3ccc(C(F)(F)F)cc3)nc2C)ccc1OCC(=O)O,60,1
Cc1cc(SC(CCCCCCCCCCc2ccccc2)c2sc(-c3ccc(C(F)(F)F)cc3)nc2C)ccc1OCC(=O)O,132,0
Cc1cc(SC(Cc2cccc3ccccc23)c2sc(-c3ccc(C(F)(F)F)cc3)nc2C)ccc1OCC(=O)O,490.1,0
Cc1cc(SC(c2sc(-c3ccc(C(F)(F)F)cc3)nc2C)C(c2ccccc2)c2ccccc2)ccc1OCC(=O)O,523,0
O=C(Nn1cc([N+](=O)[O-])cn1)c1cccc(COc2ccc(Br)cc2)c1,21000,0
CCOC(=O)c1sc(N2C(=O)C(O)=C(C(=O)c3cccs3)C2c2ccc(C)o2)nc1C,26000,0
OC[C@H]1O[C@@H](O[C@H](CCc2ccc(O)c(O)c2)C[C@H](O)CCc2ccc(O)c(O)c2)[C@H](O)[C@@H](O)[C@@H]1O,23100,0
OC[C@H]1O[C@@H](O[C@H](CCc2ccc(O)c(O)c2)C[C@H](O)CCc2ccc(O)cc2)[C@H](O)[C@@H](O)[C@@H]1O,15600,0
OC[C@H]1O[C@@H](O[C@H](CCc2ccc(O)cc2)C[C@H](O)CCc2ccc(O)cc2)[C@H](O)[C@@H](O)[C@@H]1O,29300,0
OC[C@H]1O[C@@H](O[C@@H]2C[C@H](CCc3ccc(O)c(O)c3)O[C@H](c3ccc(O)c(O)c3)C2)[C@H](O)[C@@H](O)[C@@H]1O,30100,0
OC[C@H]1O[C@@H](Oc2ccc(CCCC[C@H](O)CCc3ccc(O[C@@H]4O[C@H](CO)[C@@H](O)[C@H](O)[C@H]4O)c(O)c3)cc2O)[C@H](O)[C@@H](O)[C@@H]1O,13100,0
O=C(CCCCc1ccc(O[C@@H]2O[C@H](CO)[C@@H](O)[C@H](O)[C@H]2O)c(O)c1)CCc1ccc(O[C@@H]2O[C@H](CO)[C@@H](O)[C@H](O)[C@H]2O)c(O)c1,11000,0
CCCCCCCN(CCc1ccc(OC(C)(C)C(=O)O)cc1)c1nc2ccccc2o1,90,1
COc1cccc(-c2coc3cc(O)ccc3c2=O)c1,12440,0
O=c1c(-c2ccc(F)cc2)coc2cc(O)ccc12,24390,0
O=c1c(-c2ccc3c(c2)OCO3)coc2cc(O)ccc12,22340,0
COc1cc(OC)cc(-c2coc3cc(O)ccc3c2=O)c1,17170,0
COC(c1ccccc1OC(F)(F)F)C1CC1c1cc(C)c(OC(C)(C)C(=O)O)c(C)c1,328,0
CCOC(c1ccc(OC(F)(F)F)cc1)C1CC1c1cc(C)c(OC(C)(C)C(=O)O)c(C)c1,19,1
Cc1cc(C2CC2C(OCCC2CCCCC2)c2ccc(OC(F)(F)F)cc2)cc(C)c1OC(C)(C)C(=O)O,131,0
COC(c1ccc(C(F)(F)F)cc1)C1CC1c1cc(C)c(OC(C)(C)C(=O)O)c(C)c1,16,1
COC(c1ccc(C)cc1)C1CC1c1cc(C)c(OC(C)(C)C(=O)O)c(C)c1,152,0
COC(c1ccc(Br)cc1)C1CC1c1cc(C)c(OC(C)(C)C(=O)O)c(C)c1,47,1
Cc1nc(-c2cccc(C(F)(F)F)c2)sc1CNCc1ccc(OC(C)(C)C(=O)O)cc1,25000,0
COc1ccc(C(=O)Nc2cccc(C(=O)O)c2)c(NC(=O)c2ccc(C(C)(C)C)cc2)c1,3000,0
O=C(O)c1cccc(NC(=O)c2ccccc2NC(=O)c2ccc3ccccc3c2)c1,4700,0
O=C(O)c1cccc(NC(=O)c2ccccc2NC(=O)c2ccc(C(F)(F)F)c(F)c2)c1,3000,0
O=C(O)c1cccc(NC(=O)c2ccccc2NC(=O)c2ccc(C(F)(F)F)cc2)c1,3200,0
O=C(O)c1cccc(NC(=O)c2ccccc2NC(=O)c2ccc(Br)cc2)c1,12000,0
CC(C)(C)c1ccc(C(=O)Nc2ccccc2C(=O)Nc2cccc(CC(=O)O)c2)cc1,5400,0
O=C(O)c1cccc(NC(=O)c2cc(Cl)ccc2NC(=O)c2ccc(C(F)(F)F)cc2)c1,6300,0
O=C(O)c1cccc(NC(=O)c2ccc(Cl)cc2NC(=O)c2ccc(C(F)(F)F)cc2)c1,3400,0
O=C(O)Cc1cccc(NC(=O)c2ccccc2NC(=O)c2ccc(C(F)(F)F)cc2)c1,2200,0
O=C(O)CCc1cccc(NC(=O)c2ccccc2NC(=O)c2ccc(C(F)(F)F)cc2)c1,6800,0
O=C(O)Cc1cccc(NC(=O)c2ccccc2NC(=O)c2ccc(-c3ccccc3)cc2)c1,6400,0
CSc1ccc(C(=O)Nc2ccccc2C(=O)Nc2cccc(CC(=O)O)c2)cc1,7400,0
O=C(O)Cc1cccc(NC(=O)c2ccccc2NC(=O)c2ccc(SC(F)(F)F)cc2)c1,2300,0
COc1ccc(C(=O)Nc2ccccc2C(=O)Nc2cccc(CC(=O)O)c2)cc1,5900,0
O=C(O)Cc1cccc(NC(=O)c2ccccc2NC(=O)c2ccc3ccccc3c2)c1,1300,0
COc1ccc(COc2cccc(OCCOc3ccc4c(c3)c(CC(=O)O)cn4Cc3ccccc3)c2)cc1,6300,0
Cc1ccc(COc2cccc(OCCCOc3ccc4[nH]cc(CC(=O)O)c4c3)c2)cc1,7200,0
O=C(O)Cc1cn(Cc2ccccc2)c2ccc(OCCCOc3cccc(OCc4ccc(Cl)cc4)c3)cc12,2200,0
Cc1ccc(COc2cccc(OCCCOc3ccc4c(CC(=O)O)cn(Cc5ccccc5)c4c3)c2)cc1,9400,0
O=C(O)Cc1cn(Cc2ccc(F)cc2)c2ccc(OCCCOc3cccc(OCc4ccc(Cl)cc4)c3)cc12,750,0
O=P(O)(CCO)OCCC#CC#CCCCCCC/C=C/I,23.7,1
C[C@H]1CN(c2ccc(OC(F)(F)F)cc2)C[C@@H](C)N1S(=O)(=O)c1cccc2c1C[C@@H](C(=O)O)C2,1.5,1
Cc1cc(SCc2cnc(-c3ccc(C(F)(F)F)cc3)s2)ccc1OCC(=O)O,1.1,1
Cc1cc(SCc2cnc(-c3ccc(C(F)(F)F)c(F)c3)s2)ccc1OCC(=O)O,1,1
CCOP(=O)(CCO)OCC,112,0
CCOP(=O)(O)CCO,78,1
COc1cc([C@H]2OC[C@@H]3[C@@H](c4cc(OC)c(O)c(OC)c4)OC[C@H]23)cc(OC)c1O,18110,0
C/C(=C\COc1ccc(C)cc1CN(C)C(=O)c1ccc(-c2ccco2)cc1)CCC(=O)O,21.2,1
C/C(=C\COc1ccccc1CN(C)C(=O)c1ccc(-c2ccco2)c(Cl)c1)CCC(=O)O,4.495,1
C/C(=C\COc1ccccc1CN(C)C(=O)c1ccc(-c2ccco2)c(F)c1)CCC(=O)O,8.465,1
CC(=O)NC(C)c1nc(-c2ccc(Oc3ccc(O)cc3)cc2)no1,1000,0
COc1ccc(Oc2ccc(-c3noc(C(C)NC(C)=O)n3)cc2)cc1,390,0
CCOc1ccc(Oc2ccc(-c3noc(C(C)NC(C)=O)n3)cc2)cc1,370,0
CCc1cc(OCCc2nc(-c3ccc(F)cc3)oc2C)ccc1CCC(=O)O,29,1
CCc1cc(OCCc2nc(-c3ccc(C(C)(C)C)cc3)oc2C)ccc1CCC(=O)O,851,0
CCc1cc(OCCc2nc(-c3ccc(C)cc3)oc2C)ccc1CCC(=O)O,7,1
CCc1cc(OCCc2nc(-c3ccc(-c4nnn[nH]4)cc3)oc2C)ccc1CCC(=O)O,6761,0
CCc1cc(OCCc2nc(-c3ccc([N+](=O)[O-])cc3)oc2C)ncc1CCC(=O)O,3,1
CCc1cc(OCCc2nc(-c3ccc(C#N)cc3)oc2C)ncc1CCC(=O)O,6,1
CCc1cc(OCCc2nc(-c3ccc(C(N)=O)cc3)oc2C)ncc1CCC(=O)O,331,0
CCOC(Cc1ccc(Oc2ccc(OCc3ccccc3)cc2)cc1)C(=O)O,31000,0
CC(=O)NC(C)c1nc(-c2ccc(OCCCOc3ccc(Oc4ccccc4)cc3)cc2)no1,320,0
CC(=O)NC(C)c1nc(-c2ccc(OCCN3c4ccccc4Oc4ccccc43)cc2)no1,450,0
CC(=O)NC(C)c1nc(-c2ccc(OCC=C(c3ccc(Br)cc3)c3ccc(Br)cc3)cc2)no1,970,0
O=C(O)CCc1cc2cc(Cl)ccc2n1S(=O)(=O)c1ccccc1,1912,0
O=C(O)CCCc1cc2cc(Cl)ccc2n1S(=O)(=O)c1ccccc1,645,0
COc1cccc(S(=O)(=O)n2c(CCCC(=O)O)cc3cc(C(F)(F)F)ccc32)c1,1607,0
COc1ccc(S(=O)(=O)n2c(CCCC(=O)O)cc3cc(C(F)(F)F)ccc32)cc1,1259,0
O=C(O)CCCc1cc2cc(C(F)(F)F)ccc2n1S(=O)(=O)c1cccc(Cl)c1,2026,0
O=C(O)CCCc1cc2cc(C(F)(F)F)ccc2n1S(=O)(=O)c1ccc(Cl)cc1,1650,0
O=C(O)CCCc1cc2cc(C(F)(F)F)ccc2n1S(=O)(=O)c1cccc(OC(F)(F)F)c1,1140,0
O=C(O)CCCc1cc2cc(C(F)(F)F)ccc2n1S(=O)(=O)c1ccc(OC(F)(F)F)cc1,2100,0
COc1cccc(S(=O)(=O)n2c(CCCC(=O)O)cc3cc(Cl)ccc32)c1,1230,0
Cc1cccc(S(=O)(=O)n2c(CCCC(=O)O)cc3cc(Cl)ccc32)c1,1347,0
Cc1ccc(S(=O)(=O)n2c(CCCC(=O)O)cc3cc(Cl)ccc32)cc1,1085,0
CN1CCOc2ccc(S(=O)(=O)n3c(CCCC(=O)O)cc4cc(Cl)ccc43)cc21,697,0
O=C(O)CCCc1cc2cc(Cl)ccc2n1S(=O)(=O)c1ccc2c(c1)OCO2,977,0
O=C(O)CCCc1cc2cc(Cl)ccc2n1S(=O)(=O)c1ccc2ncsc2c1,866,0
Cc1nc2ccc(S(=O)(=O)n3c(CCCC(=O)O)cc4cc(Cl)ccc43)cc2s1,441,0
Cc1nc2cc(S(=O)(=O)n3c(CCCC(=O)O)cc4cc(Cl)ccc43)ccc2s1,1098,0
Nc1nc2ccc(S(=O)(=O)n3c(CCCC(=O)O)cc4cc(Cl)ccc43)cc2s1,919,0
Nc1nc2ccc(S(=O)(=O)n3c(CCCC(=O)O)cc4cc(Cl)ccc43)cc2o1,1387,0
O=C(O)CCCc1cc2cc(C(F)(F)F)ccc2n1S(=O)(=O)c1ccc2scnc2c1,1120,0
O=C(O)CCCCCOc1ccccc1CN(C(=O)c1ccc(-c2ccco2)cc1)C1CC1,19.6,1
C/C(=C\C(=O)O)CCCOc1ccccc1CN(C)C(=O)c1ccc(-c2ccco2)cc1,690,0
C/C(=C\CCCOc1ccccc1CN(C)C(=O)c1ccc(-c2ccco2)cc1)C(=O)O,1850,0
CN(Cc1ccccc1OCCC/C=C/C(=O)O)C(=O)c1ccc(-c2ccco2)cc1,80,1
CN(Cc1ccccc1OCCCCC(C)(C)C(=O)O)C(=O)c1ccc(-c2ccco2)cc1,510,0
COc1cccc(-c2nc(C)c(COc3ccc(CCC(=O)O)cc3)o2)c1,1400,0
COc1cccc(-c2nc(C)c(COc3ccc(CC(=O)O)cc3)o2)c1,1800,0
COc1cccc(-c2nc(C)c(COc3ccc(C(=O)O)cc3)o2)c1,2600,0
COc1ccccc1-c1nc(C)c(COc2ccc(CCC(=O)O)cc2)o1,4600,0
COc1ccccc1-c1nc(C)c(COc2ccc(CC(=O)O)cc2)o1,11000,0
COc1ccccc1-c1nc(C)c(COc2ccc(C(=O)O)cc2)o1,8700,0
COc1ccccc1-c1nc(C)c(COc2cccc(C(=O)O)c2)o1,880,0
COC(=O)CCc1ccc(OCc2oc(-c3cccc(OC)c3)nc2C)cc1,1090,0
COc1ccc(COc2ccc(CNc3cccc(OC(C)(C)C(=O)O)c3)cc2)cc1,38600,0
COc1ccc(COc2ccc(CNc3cccc(OC(C)(C)C(=O)O)c3)c(OCc3ccc(OC)cc3)c2)cc1,8900,0
Cc1cc(SC(Cc2c(Cl)cccc2Cl)c2ccc(-c3cc(F)c(F)c(F)c3)cc2)ccc1OCC(=O)O,9.5,1
Cc1cc(SC(Cc2c(F)cccc2F)c2ccc(-c3cc(F)c(F)c(F)c3)cc2)ccc1OCC(=O)O,6.3,1
Cc1cc(SC(Cc2c(F)cccc2Cl)c2ccc(-c3cc(F)c(F)c(F)c3)cc2)ccc1OCC(=O)O,6.9,1
Cc1cc(SC(Cc2ccccc2)c2ccc(-c3cc(F)c(F)c(F)c3)cc2)ccc1OCC(=O)O,4.5,1
Cc1cc(SC(Cc2c(F)cccc2C(F)(F)F)c2ccc(-c3ccccc3)cc2)ccc1OCC(=O)O,10,1
Cc1cc(SC(Cc2c(F)cccc2Cl)c2ccc(-c3ccccc3)cc2)ccc1OCC(=O)O,26,1
Cc1cc(SC(Cc2cc(F)c(F)c(F)c2)c2ccc(-c3ccccc3)cc2)ccc1OCC(=O)O,86,1
Cc1cc(SC(Cc2c(F)cccc2F)c2ccc(-c3ccc(F)cc3)cc2)ccc1OCC(=O)O,4,1
Cc1cc(SC(Cc2ccccc2)c2ccc(-c3ccc(F)cc3)cc2)ccc1OCC(=O)O,7,1
Cc1cc(SC(Cc2c(F)cccc2Cl)c2ccc(-c3ccc(F)cc3)cc2)ccc1OCC(=O)O,25,1
Cc1cc(SC(Cc2c(F)cccc2C(F)(F)F)c2ccc(-c3ccc(F)cc3)cc2)ccc1OCC(=O)O,38,1
Cc1cc(SC(Cc2cc(F)c(F)c(F)c2)c2ccc(-c3ccc(F)cc3)cc2)ccc1OCC(=O)O,65,1
Cc1cc(SC(Cc2c(F)cccc2Cl)c2ccc(-c3cccc(C(F)(F)F)c3)cc2)ccc1OCC(=O)O,5.3,1
Cc1cc(SC(Cc2c(F)cccc2C(F)(F)F)c2ccc(-c3cccc(C(F)(F)F)c3)cc2)ccc1OCC(=O)O,5.8,1
Cc1cc(SC(Cc2c(F)cccc2F)c2ccc(-c3cccc(C(F)(F)F)c3)cc2)ccc1OCC(=O)O,9.1,1
Cc1cc(SC(Cc2cc(F)c(F)c(F)c2)c2ccc(-c3cccc(C(F)(F)F)c3)cc2)ccc1OCC(=O)O,12,1
Cc1cc(SC(Cc2ccccc2)c2ccc(-c3cccc(C(F)(F)F)c3)cc2)ccc1OCC(=O)O,18,1
Cc1cc(SC(Cc2cc(F)c(F)c(F)c2)c2ccc(-c3ccc(C(F)(F)F)cc3)nc2)ccc1OCC(=O)O,56,1
Cc1cc(SC(Cc2ccccc2)c2ccc(-c3ccc(C(F)(F)F)cc3)nc2)ccc1OCC(=O)O,3.2,1
[2H]C([2H])(Cc1ccc(OCCCOc2cccc(Cl)c2)cc1)C(=O)O,4560,0
O=C(O)COc1ccc(OCCCOc2cccc(Cl)c2)cc1F,3350,0
Cc1cc(OCCCOc2ccc(-c3ccccc3)cc2)ccc1OCC(=O)O,1520,0
Cc1cc(OCCCOc2cccc(Cl)c2)ccc1OCC(=O)O,1730,0
O=C(O)CC1COc2cc(OCCCOc3ccc(-c4ccccc4)cc3)ccc21,1980,0
O=C(O)CC1COc2cc(OCCCOc3cccc(-c4ccccc4)c3)ccc21,5490,0
CC(C)(C)c1cccc(OCCOc2ccc3c(c2)OCC3CC(=O)O)c1,9570,0
CC(C)(C)c1cccc(OCCCOc2ccc3c(c2)OCC3CC(=O)O)c1,4840,0
O=C(O)CC1COc2cc(OCCCOc3cccc(Br)c3)ccc21,2370,0
O=C(O)CC1COc2cc(OCCCOc3ccccc3F)ccc21,2090,0
Cc1ccc(OCCCOc2ccc3c(c2)OCC3CC(=O)O)cc1,1950,0
Cc1cccc(OCCCOc2ccc3c(c2)OCC3CC(=O)O)c1,2420,0
Cc1ccccc1OCCCOc1ccc2c(c1)OCC2CC(=O)O,1930,0
O=C(O)CC1COc2cc(OCCCOc3ccccc3)ccc21,3260,0
O=C(O)CC1COc2cc(OCCOc3ccccc3)ccc21,7930,0
Cc1cc(CCc2cc(-c3ccc(Br)cc3)on2)cc(C)c1OC(C)(C)C(=O)O,5,1
Cc1cc(Cc2cc(-c3ccc(Br)cc3)on2)cc(C)c1OC(C)(C)C(=O)O,5,1
CC(C)(Oc1ccc(OCc2nn(-c3ccc(C(F)(F)F)cc3)c(=O)n2-c2ccccc2F)cc1)C(=O)O,70.7,1
CCCCCCC(Sc1nc2ccc(NC(=O)c3ccc(C(C)(C)C)cc3)cc2s1)C(=O)O,6200,0
CCCCCCC(Sc1nc2ccc(NC(=O)c3ccccc3)cc2s1)C(=O)O,7000,0
CCCCCCC(Sc1nc2ccc(NCc3ccccc3)cc2s1)C(=O)O,6100,0
CCCCCCC(Sc1nc2ccc(NCc3cc(Cl)cc(Cl)c3)cc2s1)C(=O)O,9200,0
CCCCCCC(Sc1nc2ccc(NCc3ccc4ccccc4c3)cc2s1)C(=O)O,4300,0
CCCCCCC(Sc1nc2ccc(NS(=O)(=O)c3ccc(Cl)cc3)cc2s1)C(=O)O,5300,0
Cc1cccc(Nc2cc(Br)nc(SCC(=O)O)n2)c1C,17000,0
Cc1cccc(Nc2cc(C(F)(F)F)nc(SCC(=O)O)n2)c1C,6800,0
Cc1cccc(Nc2cc(Cl)nc(OCCC(=O)O)n2)c1C,13000,0
Cc1cccc(Nc2cc(Cl)nc(SCCC(=O)O)n2)c1C,11000,0
Cc1ccccc1Nc1cc(Cl)nc(SCC(=O)O)n1,29000,0
Cc1cccc(Nc2cc(Cl)nc(SCC(=O)O)n2)c1,34000,0
O=C(O)CSc1nc(Cl)cc(Nc2cccc3c2CCCC3)n1,7100,0
O=C(O)CSc1nc(Cl)cc(Nc2ccc(Cl)c3c2CCC3)n1,4300,0
Cc1cccc(N(c2cc(Cl)nc(SCC(=O)O)n2)C(C)C)c1C,5700,0
Cc1nc(-c2ccc(Cl)cc2)sc1COc1ccc2c(c1)OCC2CC(=O)O,264,0
Cc1ccc(-c2nc(C)c(COc3ccc4c(c3)OCC4CC(=O)O)s2)cc1,218,0
COc1ccc(-c2nc(C)c(COc3ccc4c(c3)OCC4CC(=O)O)s2)cc1,920,0
Cc1nc(-c2ccc(F)cc2)sc1COc1ccc2c(c1)OCC2CC(=O)O,306,0
Cc1nc(-c2ccccc2)sc1COc1ccc2c(c1)OCC2CC(=O)O,863,0
[2H]C([2H])(Cc1ccc(OCc2sc(-c3ccc(C(F)(F)F)cc3)nc2C)cc1)C(=O)O,376,0
[2H]C([2H])(Cc1ccc(OCc2sc(-c3ccc(F)cc3)nc2C)cc1)C(=O)O,529,0
[2H]C([2H])(Cc1ccc(OCc2sc(-c3ccccc3)nc2C)cc1)C(=O)O,972,0
Cc1nc(-c2ccccc2)oc1COc1ccc(OCC(=O)O)c(F)c1,2660,0
Cc1cccc(-c2nc(C)c(COc3ccc(OCC(=O)O)c(F)c3)s2)c1,1160,0
Cc1ccc(-c2nc(C)c(COc3ccc(OCC(=O)O)c(F)c3)s2)cc1,564,0
Cc1nc(-c2cccc(F)c2)sc1COc1ccc(OCC(=O)O)c(F)c1,780,0
Cc1nc(-c2ccc(F)cc2)sc1COc1ccc(OCC(=O)O)c(F)c1,729,0
Cc1nc(-c2ccc(C(F)(F)F)cc2)sc1COc1ccc(OCC(=O)O)c(F)c1,436,0
Cc1cc(OCc2sc(-c3ccc(C(F)(F)F)cc3)nc2C)ccc1OCC(=O)O,315,0
Cc1nc(-c2ccccc2)sc1COc1ccc(OCC(=O)O)c(F)c1,1320,0
Cc1cc(OCc2sc(-c3ccccc3)nc2C)ccc1OCC(=O)O,1650,0
CC(NC(=O)C(F)(F)F)c1nc(-c2ccc(Oc3ccc(OCc4ccccc4)cc3)cc2)no1,150,0
COC(=O)NC(C)c1nc(-c2ccc(Oc3ccc(OCc4ccccc4)cc3)cc2)no1,290,0
CCC(NC(C)=O)c1nc(-c2ccc(Oc3ccc(OCc4ccccc4)cc3)cc2)no1,110,0
CCCCCCCC/C=C\CCCCCCCC(=O)NCCO,1100,0
CC(C)(Oc1ccc(OCCc2ccc(/N=N/c3ccc(Br)cc3)cc2)cc1)C(=O)O,1100,0
CC(C)(Oc1ccc(OCCc2ccc(/N=N/c3ccc(Cl)cc3)cc2)cc1)C(=O)O,1200,0
CC(C)(Oc1ccc(OCCc2ccc(/N=N/c3ccccc3)cc2)cc1)C(=O)O,2800,0
COc1ccc(/N=N/c2ccc(OCCc3ccc(OC(C)(C)C(=O)O)cc3)cc2)cc1,1400,0
CC(C)(Oc1ccc(CCOc2ccc(/N=N/c3ccc([N+](=O)[O-])cc3)cc2)cc1)C(=O)O,4100,0
CC(C)(Oc1ccc(CCOc2ccc(/N=N/c3ccc(C#N)cc3)cc2)cc1)C(=O)O,6500,0
CC(C)(Oc1ccc(CCOc2ccc(/N=N/c3ccc(C(F)(F)F)cc3)cc2)cc1)C(=O)O,1800,0
CC(C)(Oc1ccc(CCOc2ccc(/N=N/c3ccc(Br)cc3)cc2)cc1)C(=O)O,3900,0
CC(C)(Oc1ccc(CCOc2ccc(/N=N/c3ccc(Cl)cc3)cc2)cc1)C(=O)O,3100,0
CC(C)(Oc1ccc(CCOc2ccc(/N=N/c3ccccc3)cc2)cc1)C(=O)O,6400,0
CC(C)(Oc1ccc(OCCc2ccc(/N=N/c3ccc(C#N)cc3)cc2)cc1)C(=O)O,2800,0
CC(C)(Oc1ccc(OCCc2ccc(/N=N/c3ccc([N+](=O)[O-])cc3)cc2)cc1)C(=O)O,2300,0
C/C(=C\COc1ccccc1Cc1sc(C)nc1-c1ccc2oc(C)cc2c1)CCC(=O)O,29.7,1
Cc1nc(-c2cc(F)c(-c3ccco3)c(F)c2)c(Cc2ccccc2OCCC[C@@H](C)CC(=O)O)s1,2,1
C/C(=C\COc1ccccc1Cc1c(C)cnn1-c1ccc(C(F)(F)F)cc1)CCC(=O)O,11.2,1
Cc1cc2cc(-c3ncc(C)n3Cc3ccccc3OCCCCCC(=O)O)ccc2o1,3.9,1
Cc1cnc(-c2ccc(C#N)cc2)n1Cc1ccccc1OCCC[C@@H](C)CC(=O)O,4.6,1
C[C@H](CCCOc1ccccc1Cn1c(C(F)(F)F)cnc1-c1ccc(OC(F)(F)F)cc1)CC(=O)O,2.6,1
C[C@H](CCCOc1ccccc1Cn1c(C(F)(F)F)cnc1-c1ccc(C(F)(F)F)cc1)CC(=O)O,2.9,1
C[C@H](CCCOc1ccccc1Cn1c(C#N)cnc1-c1ccc(C(F)(F)F)cc1)CC(=O)O,2.7,1
C[C@H](CCCOc1ccccc1Cn1c(Cl)cnc1-c1ccc(C(F)(F)F)cc1)CC(=O)O,1.5,1
C[C@H](CCCOc1ccccc1Cn1c(C(F)(F)F)cnc1-c1ccc(C#N)cc1)CC(=O)O,8.2,1
C[C@H](CCCOc1ccccc1Cn1c(C(F)(F)F)cnc1-c1ccc(Cl)cc1)CC(=O)O,8,1
C[C@H](CCCOc1ccccc1Cn1c(C(F)(F)F)cnc1-c1ccc(-c2ccco2)cc1)CC(=O)O,0.7,1
Cc1cccc(OCCNC(=O)COc2ccc(CC(=O)O)cc2)c1,4,1
COc1ccc(CNCc2ccc(Oc3cccnc3)c(F)c2)cc1O,19,1
Cc1cc(SC[C@@H]2N=C(c3ccc(C(F)(F)F)cc3)S[C@@H]2C)ccc1OCC(=O)O,6.2,1
CC(C)c1onc(-c2ccccc2)c1COc1ccc(CCCC(=O)O)cc1,900,0
CC(C)c1onc(-c2ccccc2)c1COc1ccc(COc2ccc(CC(=O)O)cc2)cc1,4300,0
CC(C)c1onc(-c2ccccc2)c1COc1ccc(COc2ccc(CCC(=O)O)cc2)cc1,11000,0
CC(C)c1onc(-c2ccccc2Cl)c1COc1ccc(CCCC(=O)O)cc1,800,0
CC(C)c1onc(-c2c(Cl)cccc2Cl)c1COc1ccc(CCCC(=O)O)cc1,700,0
CC(C)c1onc(-c2ccccc2Cl)c1COc1ccc(COc2ccc(CC(=O)O)cc2)cc1,2000,0
CC(C)c1onc(-c2ccccc2Cl)c1COc1ccc(COc2ccc(OCC(=O)O)cc2)cc1,7200,0
CC(C)c1onc(-c2c(Cl)cccc2Cl)c1COc1ccc(COc2ccc(CC(=O)O)cc2)cc1,3100,0
CC(C)c1onc(-c2c(Cl)cccc2Cl)c1COc1ccc(CNc2ccc(CC(=O)O)cc2)cc1,3600,0
Cc1cc(NCc2ccc(OCc3c(-c4c(Cl)cccc4Cl)noc3C(C)C)cc2)ccc1CC(=O)O,9000,0
CC(C)c1onc(-c2c(Cl)cccc2Cl)c1COc1ccc(COc2ccc(CC(=O)O)cc2)c(Cl)c1,1800,0
CC(C)c1onc(-c2c(Cl)cccc2Cl)c1COc1ccc(CNc2ccc(CC(=O)O)cc2)c(Cl)c1,1500,0